TimeEST,TemperatureC,Dew PointC,Humidity,Sea Level PressurehPa,VisibilityKm,Wind Direction,Wind SpeedKm/h,Gust SpeedKm/h,Precipitationmm,Events,Conditions,WindDirDegrees,DateUTC
12:51 AM,5.6,-3.9,51,1017.9,16.1,Variable,7.4,-,N/A,,Overcast,0,2016-01-01 5:51
1:51 AM,5,-3.9,53,1017.8,16.1,Variable,5.6,-,N/A,,Overcast,0,2016-01-01 6:51
2:51 AM,5,-3.3,55,1017.7,16.1,West,7.4,-,N/A,,Overcast,280,2016-01-01 7:51
3:51 AM,5,-3.3,55,1017.7,16.1,West,14.8,-,N/A,,Overcast,280,2016-01-01 8:51
4:51 AM,4.4,-3.3,58,1017,16.1,West,16.7,25.9,N/A,,Overcast,270,2016-01-01 9:51
5:51 AM,4.4,-3.3,58,1017.5,16.1,WNW,11.1,-,N/A,,Overcast,290,2016-01-01 10:51
6:51 AM,3.9,-3.3,60,1017.7,16.1,Calm,Calm,-,N/A,,Overcast,0,2016-01-01 11:51
7:51 AM,3.9,-3.9,57,1017.6,16.1,West,11.1,-,N/A,,Overcast,280,2016-01-01 12:51
8:51 AM,3.9,-4.4,55,1018,16.1,West,11.1,-,N/A,,Partly Cloudy,260,2016-01-01 13:51
9:51 AM,4.4,-3.9,55,1018,16.1,WNW,7.4,-,N/A,,Overcast,290,2016-01-01 14:51
10:51 AM,4.4,-4.4,53,1017.4,16.1,Variable,9.3,31.5,N/A,,Overcast,0,2016-01-01 15:51
11:51 AM,4.4,-5,51,1016.4,16.1,West,14.8,-,N/A,,Overcast,270,2016-01-01 16:51
12:51 PM,4.4,-5,51,1015.4,16.1,West,22.2,31.5,N/A,,Overcast,280,2016-01-01 17:51
1:51 PM,4.4,-5,51,1014.9,16.1,Variable,11.1,35.2,N/A,,Overcast,0,2016-01-01 18:51
2:51 PM,3.9,-6.1,49,1015,16.1,WNW,18.5,42.6,N/A,,Overcast,290,2016-01-01 19:51
3:51 PM,3.9,-6.7,46,1014.9,16.1,North,-9999,-,N/A,,Overcast,0,2016-01-01 20:51
4:51 PM,3.3,-6.7,48,1014.8,16.1,West,18.5,29.6,N/A,,Clear,280,2016-01-01 21:51
5:51 PM,3.3,-6.7,48,1015.3,16.1,WNW,13,31.5,N/A,,Clear,300,2016-01-01 22:51
6:51 PM,2.8,-6.7,50,1015.9,16.1,WNW,20.4,29.6,N/A,,Partly Cloudy,290,2016-01-01 23:51
7:51 PM,2.8,-7.2,48,1016.5,16.1,West,14.8,25.9,N/A,,Clear,280,2016-01-02 0:51
8:51 PM,2.2,-7.2,50,1016.8,16.1,WNW,11.1,-,N/A,,Clear,290,2016-01-02 1:51
9:51 PM,1.7,-6.7,54,1016.6,16.1,North,-9999,-,N/A,,Clear,0,2016-01-02 2:51
10:51 PM,1.7,-7.2,52,1016.7,16.1,Variable,9.3,-,N/A,,Clear,0,2016-01-02 3:51
11:51 PM,1.7,-8.9,46,1016.8,16.1,West,14.8,31.5,N/A,,Clear,270,2016-01-02 4:51
12:51 AM,1.1,-9.4,46,1016.6,16.1,Variable,9.3,29.6,N/A,,Mostly Cloudy,0,2016-01-02 5:51
1:51 AM,1.1,-8.9,48,1016.6,16.1,West,13,25.9,N/A,,Clear,270,2016-01-02 6:51
2:51 AM,1.1,-8.3,50,1017.3,16.1,WNW,13,-,N/A,,Clear,290,2016-01-02 7:51
3:51 AM,1.1,-8.3,50,1016.9,16.1,West,22.2,33.3,N/A,,Clear,280,2016-01-02 8:51
4:51 AM,0.6,-7.8,54,1017.1,16.1,West,16.7,25.9,N/A,,Clear,280,2016-01-02 9:51
5:51 AM,0.6,-7.8,54,1017.4,16.1,West,14.8,-,N/A,,Clear,270,2016-01-02 10:51
6:51 AM,0.6,-7.8,54,1017.9,16.1,Calm,Calm,-,N/A,,Scattered Clouds,0,2016-01-02 11:51
7:51 AM,1.1,-7.8,52,1018.3,16.1,West,7.4,-,N/A,,Overcast,270,2016-01-02 12:51
8:51 AM,1.1,-8.3,50,1018.8,16.1,West,11.1,-,N/A,,Overcast,260,2016-01-02 13:51
9:51 AM,1.7,-8.3,48,1019.2,16.1,Variable,9.3,-,N/A,,Overcast,0,2016-01-02 14:51
10:51 AM,2.8,-7.8,46,1018.5,16.1,Variable,9.3,-,N/A,,Overcast,0,2016-01-02 15:51
11:51 AM,2.8,-8.3,44,1017.5,16.1,Variable,7.4,25.9,N/A,,Scattered Clouds,0,2016-01-02 16:51
12:51 PM,3.3,-8.3,43,1016.1,16.1,WNW,13,-,N/A,,Scattered Clouds,290,2016-01-02 17:51
1:51 PM,3.9,-7.8,43,1015.5,16.1,WSW,13,-,N/A,,Clear,250,2016-01-02 18:51
2:51 PM,3.9,-7.2,45,1015.1,16.1,WNW,14.8,27.8,N/A,,Clear,290,2016-01-02 19:51
3:51 PM,4.4,-7.2,43,1015.4,16.1,WNW,11.1,-,N/A,,Overcast,290,2016-01-02 20:51
4:51 PM,3.9,-7.8,43,1015.7,16.1,Variable,11.1,-,N/A,,Overcast,0,2016-01-02 21:51
5:51 PM,2.8,-8.3,44,1016.1,16.1,NW,9.3,27.8,N/A,,Clear,310,2016-01-02 22:51
6:51 PM,2.2,-8.3,46,1016.3,16.1,Calm,Calm,-,N/A,,Clear,0,2016-01-02 23:51
7:51 PM,2.2,-8.3,46,1016.2,16.1,WNW,11.1,-,N/A,,Clear,290,2016-01-03 0:51
8:51 PM,1.7,-7.8,50,1015.8,16.1,WSW,7.4,-,N/A,,Clear,240,2016-01-03 1:51
9:51 PM,2.2,-7.8,48,1015.3,16.1,North,-9999,-,N/A,,Clear,0,2016-01-03 2:51
10:51 PM,1.7,-7.2,52,1014.8,16.1,Variable,11.1,-,N/A,,Clear,0,2016-01-03 3:51
11:51 PM,2.2,-6.7,52,1014.4,16.1,WSW,13,-,N/A,,Clear,250,2016-01-03 4:51
12:51 AM,1.7,-6.7,54,1013.6,16.1,Calm,Calm,-,N/A,,Clear,0,2016-01-03 5:51
1:51 AM,2.2,-6.7,52,1013,16.1,West,18.5,-,N/A,,Clear,260,2016-01-03 6:51
2:51 AM,2.2,-6.7,52,1012.2,16.1,WSW,11.1,25.9,N/A,,Clear,240,2016-01-03 7:51
3:51 AM,2.2,-6.7,52,1011.1,16.1,North,-9999,-,N/A,,Clear,0,2016-01-03 8:51
4:51 AM,2.8,-6.7,50,1011.1,16.1,Variable,11.1,38.9,N/A,,Clear,0,2016-01-03 9:51
5:51 AM,2.2,-6.7,52,1010.4,16.1,Variable,7.4,-,N/A,,Clear,0,2016-01-03 10:51
6:51 AM,1.7,-6.1,57,1010.7,16.1,WSW,7.4,-,N/A,,Clear,250,2016-01-03 11:51
7:51 AM,2.2,-6.1,55,1010.8,16.1,Variable,7.4,-,N/A,,Clear,0,2016-01-03 12:51
8:51 AM,3.3,-6.1,51,1010.8,16.1,WSW,16.7,27.8,N/A,,Clear,240,2016-01-03 13:51
9:51 AM,3.9,-6.1,49,1010.9,16.1,North,-9999,-,N/A,,Clear,0,2016-01-03 14:51
10:51 AM,6.1,-6.7,40,1010.2,16.1,Variable,9.3,25.9,N/A,,Clear,0,2016-01-03 15:51
11:51 AM,6.7,-7.2,37,1009.2,16.1,WNW,18.5,35.2,N/A,,Clear,290,2016-01-03 16:51
12:51 PM,6.7,-6.7,38,1008.7,16.1,North,-9999,-,N/A,,Clear,0,2016-01-03 17:51
1:51 PM,6.7,-6.1,40,1009.1,16.1,West,13,29.6,N/A,,Clear,280,2016-01-03 18:51
2:51 PM,5.6,-6.1,43,1009.5,16.1,NW,16.7,33.3,N/A,,Mostly Cloudy,310,2016-01-03 19:51
3:51 PM,5,-6.7,43,1009.8,16.1,West,14.8,25.9,N/A,,Clear,280,2016-01-03 20:51
4:51 PM,5,-6.1,45,1010.3,16.1,WNW,18.5,-,N/A,,Overcast,290,2016-01-03 21:51
5:51 PM,5,-6.1,45,1010.9,16.1,WNW,11.1,-,N/A,,Mostly Cloudy,290,2016-01-03 22:51
6:51 PM,4.4,-6.1,47,1011.7,16.1,West,14.8,-,N/A,,Clear,280,2016-01-03 23:51
7:51 PM,3.9,-5.6,50,1012.1,16.1,WNW,13,-,N/A,,Clear,290,2016-01-04 0:51
8:51 PM,3.3,-5.6,53,1011.6,16.1,WNW,16.7,-,N/A,,Clear,290,2016-01-04 1:51
9:51 PM,2.8,-5.6,54,1011.9,16.1,West,14.8,-,N/A,,Clear,280,2016-01-04 2:51
10:51 PM,2.8,-5,57,1012,16.1,West,14.8,-,N/A,,Partly Cloudy,280,2016-01-04 3:51
11:51 PM,2.2,-5,59,1011.8,16.1,Variable,11.1,-,N/A,,Partly Cloudy,0,2016-01-04 4:51
12:51 AM,2.2,-5,59,1011.5,16.1,Variable,7.4,-,N/A,,Partly Cloudy,0,2016-01-04 5:51
1:51 AM,2.2,-5,59,1011.9,16.1,Variable,9.3,-,N/A,,Overcast,0,2016-01-04 6:51
2:51 AM,1.7,-7.2,52,1012.3,16.1,Variable,5.6,-,N/A,,Overcast,0,2016-01-04 7:51
3:51 AM,1.1,-8.3,50,1012.1,16.1,Variable,7.4,-,N/A,,Overcast,0,2016-01-04 8:51
4:51 AM,0.6,-9.4,48,1012.4,16.1,NW,14.8,31.5,N/A,,Overcast,310,2016-01-04 9:51
5:51 AM,-0.6,-9.4,52,1013.6,16.1,NW,16.7,33.3,N/A,,Partly Cloudy,310,2016-01-04 10:51
6:51 AM,-1.1,-10,51,1014.6,16.1,NW,18.5,33.3,N/A,,Mostly Cloudy,310,2016-01-04 11:51
7:51 AM,-1.7,-10.6,51,1015.2,16.1,Variable,11.1,-,N/A,,Overcast,0,2016-01-04 12:51
8:51 AM,-1.7,-10.6,51,1016.2,16.1,Variable,11.1,-,N/A,,Overcast,0,2016-01-04 13:51
9:51 AM,-2.2,-13.3,43,1017.1,16.1,Variable,7.4,-,N/A,,Partly Cloudy,0,2016-01-04 14:51
10:51 AM,-2.2,-13.3,43,1017,16.1,WNW,18.5,31.5,N/A,,Clear,300,2016-01-04 15:51
11:51 AM,-2.2,-15,38,1016.6,16.1,NW,14.8,-,N/A,,Clear,320,2016-01-04 16:51
12:51 PM,-1.1,-16.7,30,1016.3,16.1,North,-9999,-,N/A,,Clear,0,2016-01-04 17:51
1:51 PM,-2.2,-17.2,31,1016.6,16.1,Variable,7.4,37,N/A,,Clear,0,2016-01-04 18:51
2:51 PM,-2.2,-17.8,30,1017.5,16.1,Variable,9.3,31.5,N/A,,Clear,0,2016-01-04 19:51
3:51 PM,-3.3,-15,41,1018.7,16.1,NE,18.5,33.3,N/A,,Clear,40,2016-01-04 20:51
4:51 PM,-5,-15.6,44,1020.4,16.1,NNE,18.5,35.2,N/A,,Clear,30,2016-01-04 21:51
5:51 PM,-6.1,-16.1,46,1022,16.1,NNE,20.4,40.7,N/A,,Clear,20,2016-01-04 22:51
6:51 PM,-6.7,-17.2,44,1023.6,16.1,North,-9999,-,N/A,,Clear,0,2016-01-04 23:51
7:51 PM,-7.2,-16.7,47,1024.8,16.1,North,20.4,38.9,N/A,,Overcast,10,2016-01-05 0:51
8:51 PM,-7.8,-16.7,50,1025.7,16.1,North,16.7,40.7,N/A,,Partly Cloudy,360,2016-01-05 1:51
9:51 PM,-8.3,-17.8,47,1026.5,16.1,North,14.8,33.3,N/A,,Clear,350,2016-01-05 2:51
2:51 AM,-11.1,-18.3,56,1031.5,16.1,Variable,7.4,33.3,N/A,,Clear,0,2016-01-05 7:51
3:51 AM,-11.1,-18.9,53,1031.7,16.1,Variable,11.1,37,N/A,,Clear,0,2016-01-05 8:51
4:51 AM,-11.1,-19.4,51,1032.1,16.1,Variable,7.4,37,N/A,,Clear,0,2016-01-05 9:51
5:51 AM,-11.7,-19.4,54,1033.3,16.1,NNE,16.7,33.3,N/A,,Clear,30,2016-01-05 10:51
6:51 AM,-11.7,-19.4,54,1034.1,16.1,North,-9999,-,N/A,,Clear,0,2016-01-05 11:51
7:51 AM,-11.1,-18.9,53,1034.2,16.1,Variable,9.3,-,N/A,,Clear,0,2016-01-05 12:51
8:51 AM,-10.6,-20,47,1035.6,16.1,North,20.4,31.5,N/A,,Clear,350,2016-01-05 13:51
9:51 AM,-8.3,-18.9,43,1036.3,16.1,North,-9999,-,N/A,,Clear,0,2016-01-05 14:51
10:51 AM,-7.2,-20,36,1036.2,16.1,Variable,11.1,25.9,N/A,,Clear,0,2016-01-05 15:51
11:51 AM,-5.6,-20.6,30,1036,16.1,NE,16.7,29.6,N/A,,Clear,40,2016-01-05 16:51
12:51 PM,-3.9,-21.1,26,1035.4,16.1,Variable,11.1,-,N/A,,Clear,0,2016-01-05 17:51
1:51 PM,-2.8,-21.1,24,1035.1,16.1,Variable,9.3,-,N/A,,Clear,0,2016-01-05 18:51
2:51 PM,-2.2,-20,25,1035.3,16.1,WNW,7.4,-,N/A,,Clear,300,2016-01-05 19:51
3:51 PM,-2.2,-19.4,26,1035.8,16.1,Calm,Calm,-,N/A,,Clear,0,2016-01-05 20:51
4:51 PM,-2.2,-20,25,1036.2,16.1,Calm,Calm,-,N/A,,Clear,0,2016-01-05 21:51
5:51 PM,-2.8,-19.4,27,1036.6,16.1,Calm,Calm,-,N/A,,Clear,0,2016-01-05 22:51
6:51 PM,-2.8,-19.4,27,1036.8,16.1,Calm,Calm,-,N/A,,Clear,0,2016-01-05 23:51
7:51 PM,-2.2,-18.9,27,1036.8,16.1,Calm,Calm,-,N/A,,Clear,0,2016-01-06 0:51
8:51 PM,-1.7,-18.9,26,1036.7,16.1,WNW,5.6,-,N/A,,Clear,290,2016-01-06 1:51
9:51 PM,-2.2,-17.8,30,1036.6,16.1,Variable,5.6,-,N/A,,Clear,0,2016-01-06 2:51
10:51 PM,-2.2,-17.8,30,1036.6,16.1,Calm,Calm,-,N/A,,Clear,0,2016-01-06 3:51
11:51 PM,-2.8,-17.2,33,1035.8,16.1,West,5.6,-,N/A,,Clear,280,2016-01-06 4:51
12:51 AM,-2.2,-17.2,31,1035.3,16.1,WNW,5.6,-,N/A,,Clear,290,2016-01-06 5:51
1:51 AM,-2.8,-15.6,37,1035.6,16.1,Calm,Calm,-,N/A,,Clear,0,2016-01-06 6:51
2:51 AM,-3.3,-15,41,1035.2,16.1,Calm,Calm,-,N/A,,Clear,0,2016-01-06 7:51
3:51 AM,-3.3,-13.9,44,1034.8,16.1,NW,5.6,-,N/A,,Clear,320,2016-01-06 8:51
4:51 AM,-3.9,-12.8,51,1034.7,16.1,Calm,Calm,-,N/A,,Clear,0,2016-01-06 9:51
5:51 AM,-3.3,-13.3,47,1035.1,16.1,WNW,5.6,-,N/A,,Clear,290,2016-01-06 10:51
6:51 AM,-3.3,-13.3,47,1035.1,16.1,Calm,Calm,-,N/A,,Clear,0,2016-01-06 11:51
7:51 AM,-2.8,-14.4,41,1035.2,16.1,Calm,Calm,-,N/A,,Clear,0,2016-01-06 12:51
8:51 AM,-1.1,-16.1,32,1035.3,16.1,Variable,5.6,-,N/A,,Clear,0,2016-01-06 13:51
9:51 AM,-1.1,-16.1,32,1035.6,16.1,Variable,11.1,-,N/A,,Clear,0,2016-01-06 14:51
10:51 AM,0.6,-16.7,27,1035.2,16.1,WSW,11.1,-,N/A,,Clear,250,2016-01-06 15:51
11:51 AM,2.2,-17.2,23,1033.8,16.1,Calm,Calm,-,N/A,,Clear,0,2016-01-06 16:51
12:51 PM,3.3,-17.2,21,1032.4,16.1,Calm,Calm,-,N/A,,Clear,0,2016-01-06 17:51
1:51 PM,4.4,-17.8,19,1031.3,16.1,Variable,7.4,-,N/A,,Clear,0,2016-01-06 18:51
2:51 PM,4.4,-18.3,18,1031.1,16.1,WSW,7.4,-,N/A,,Clear,240,2016-01-06 19:51
3:51 PM,3.9,-17.2,20,1030.8,16.1,SSW,5.6,-,N/A,,Clear,210,2016-01-06 20:51
4:51 PM,3.3,-16.1,23,1030.5,16.1,WSW,5.6,-,N/A,,Clear,240,2016-01-06 21:51
5:51 PM,3.3,-14.4,27,1030.5,16.1,SW,13,-,N/A,,Clear,230,2016-01-06 22:51
6:51 PM,2.8,-15.6,25,1030.4,16.1,Variable,9.3,-,N/A,,Clear,0,2016-01-06 23:51
7:51 PM,2.2,-14.4,29,1030.8,16.1,WSW,11.1,-,N/A,,Clear,240,2016-01-07 0:51
8:51 PM,2.8,-15.6,25,1030.6,16.1,West,14.8,-,N/A,,Clear,260,2016-01-07 1:51
9:51 PM,2.2,-15,27,1030.2,16.1,West,9.3,-,N/A,,Clear,270,2016-01-07 2:51
10:51 PM,1.7,-12.8,34,1030,16.1,West,9.3,-,N/A,,Clear,270,2016-01-07 3:51
11:51 PM,1.1,-14.4,31,1029.6,16.1,Calm,Calm,-,N/A,,Clear,0,2016-01-07 4:51
12:51 AM,1.7,-15.6,27,1028.6,16.1,West,11.1,-,N/A,,Clear,260,2016-01-07 5:51
1:51 AM,1.1,-15,30,1028.2,16.1,West,9.3,-,N/A,,Clear,260,2016-01-07 6:51
2:51 AM,0.6,-15,31,1027.9,16.1,Calm,Calm,-,N/A,,Clear,0,2016-01-07 7:51
3:51 AM,0.6,-14.4,32,1027.7,16.1,Calm,Calm,-,N/A,,Clear,0,2016-01-07 8:51
4:51 AM,0,-12.8,38,1027.7,16.1,West,7.4,-,N/A,,Clear,280,2016-01-07 9:51
5:51 AM,0,-13.3,37,1027.8,16.1,WNW,9.3,-,N/A,,Partly Cloudy,290,2016-01-07 10:51
6:51 AM,-0.6,-13.9,37,1027.4,16.1,Variable,5.6,-,N/A,,Partly Cloudy,0,2016-01-07 11:51
7:51 AM,0,-12.8,38,1027.4,16.1,Calm,Calm,-,N/A,,Clear,0,2016-01-07 12:51
8:51 AM,1.7,-13.9,31,1027.2,16.1,Variable,5.6,-,N/A,,Mostly Cloudy,0,2016-01-07 13:51
9:51 AM,3.3,-15,25,1027.1,16.1,Calm,Calm,-,N/A,,Partly Cloudy,0,2016-01-07 14:51
10:51 AM,5.6,-14.4,23,1026.4,16.1,ENE,5.6,-,N/A,,Clear,60,2016-01-07 15:51
11:51 AM,5.6,-13.3,25,1025.2,16.1,Calm,Calm,-,N/A,,Mostly Cloudy,0,2016-01-07 16:51
12:51 PM,6.7,-12.2,25,1024.2,16.1,West,5.6,-,N/A,,Overcast,270,2016-01-07 17:51
1:00 PM,7.2,-12.8,23,1024.9,16.1,Variable,5.6,-,N/A,,Overcast,0,2016-01-07 18:00
1:33 PM,7.2,-12.2,24,1024.3,16.1,WNW,5.6,-,N/A,,Mostly Cloudy,300,2016-01-07 18:33
1:51 PM,7.2,-12.2,24,1023.9,16.1,Calm,Calm,-,N/A,,Overcast,0,2016-01-07 18:51
2:51 PM,7.2,-12.8,23,1023.5,16.1,Calm,Calm,-,N/A,,Overcast,0,2016-01-07 19:51
3:23 PM,7.8,-9.4,29,1024.3,16.1,Calm,Calm,-,N/A,,Overcast,0,2016-01-07 20:23
3:44 PM,7.2,-10.6,27,1024.3,16.1,Calm,Calm,-,N/A,,Overcast,0,2016-01-07 20:44
3:51 PM,7.8,-10.6,26,1023.5,16.1,Calm,Calm,-,N/A,,Overcast,0,2016-01-07 20:51
4:51 PM,7.2,-7.8,34,1023.6,16.1,WNW,5.6,-,N/A,,Clear,290,2016-01-07 21:51
5:51 PM,7.2,-5.6,40,1024.1,16.1,West,5.6,-,N/A,,Overcast,280,2016-01-07 22:51
6:51 PM,6.7,-7.8,35,1023.9,16.1,WNW,7.4,-,N/A,,Mostly Cloudy,290,2016-01-07 23:51
7:51 PM,5.6,-7.2,40,1023.6,16.1,Calm,Calm,-,N/A,,Clear,0,2016-01-08 0:51
8:51 PM,5.6,-7.2,40,1023.2,16.1,WNW,5.6,-,N/A,,Clear,300,2016-01-08 1:51
9:51 PM,5.6,-7.2,40,1022.8,16.1,NW,5.6,-,N/A,,Clear,310,2016-01-08 2:51
10:51 PM,3.9,-6.7,46,1022.6,16.1,ENE,5.6,-,N/A,,Clear,60,2016-01-08 3:51
11:51 PM,4,-8,42,-9999,-9999,North,-9999,-,N/A,,Unknown,0,2016-01-08 4:51
12:51 AM,3,-6,52,-9999,-9999,North,-9999,-,N/A,,Unknown,0,2016-01-08 5:51
1:51 AM,3,-6,52,-9999,-9999,North,-9999,-,N/A,,Unknown,0,2016-01-08 6:51
2:51 AM,3,-6,52,-9999,-9999,North,-9999,-,N/A,,Unknown,0,2016-01-08 7:51
3:51 AM,2,-7,52,-9999,-9999,North,-9999,-,N/A,,Unknown,0,2016-01-08 8:51
4:51 AM,2,-8,48,-9999,-9999,North,-9999,-,N/A,,Unknown,0,2016-01-08 9:51
5:51 AM,2,-8,48,-9999,-9999,North,-9999,-,N/A,,Unknown,0,2016-01-08 10:51
6:51 AM,2,-6,56,-9999,-9999,North,-9999,-,N/A,,Unknown,0,2016-01-08 11:51
7:51 AM,3,-4,60,-9999,-9999,North,-9999,-,N/A,,Unknown,0,2016-01-08 12:51
9:51 AM,4,-1,70,-9999,-9999,North,-9999,-,N/A,,Unknown,0,2016-01-08 14:51
10:51 AM,5,-1,65,-9999,-9999,North,-9999,-,N/A,,Unknown,0,2016-01-08 15:51
11:51 AM,6,4,87,-9999,-9999,North,-9999,-,N/A,,Unknown,0,2016-01-08 16:51
12:51 PM,6,1,70,-9999,-9999,North,-9999,-,N/A,,Unknown,0,2016-01-08 17:51
1:51 PM,6,0,66,-9999,-9999,North,-9999,-,N/A,,Unknown,0,2016-01-08 18:51
2:28 PM,6.1,-0.6,62,1022.2,16.1,East,16.7,-,N/A,,Mostly Cloudy,80,2016-01-08 19:28
2:51 PM,6.1,-0.6,62,1021.6,16.1,Variable,11.1,-,N/A,,Overcast,0,2016-01-08 19:51
3:51 PM,6.1,0.6,68,1021.7,16.1,NE,9.3,-,N/A,,Overcast,50,2016-01-08 20:51
4:51 PM,6.7,0.6,65,1021.5,16.1,NE,9.3,-,N/A,,Overcast,50,2016-01-08 21:51
5:28 PM,6.7,0.6,65,1022.6,16.1,East,13,-,N/A,,Overcast,80,2016-01-08 22:28
5:48 PM,7,1,66,1022.6,16.1,Variable,11.1,-,N/A,,Overcast,0,2016-01-08 22:48
5:51 PM,6.7,0.6,65,1021.8,16.1,SE,9.3,-,N/A,,Overcast,130,2016-01-08 22:51
6:36 PM,6.7,-0.6,60,1022.9,16.1,SE,14.8,-,N/A,,Mostly Cloudy,130,2016-01-08 23:36
6:51 PM,6.7,-0.6,60,1022.4,16.1,North,-9999,-,N/A,,Overcast,0,2016-01-08 23:51
7:51 PM,6.7,-0.6,60,1023,16.1,East,11.1,-,N/A,,Overcast,90,2016-01-09 0:51
8:51 PM,6.7,-0.6,60,1022.8,16.1,Variable,9.3,-,N/A,,Overcast,0,2016-01-09 1:51
9:10 PM,6.1,0,65,1023.2,16.1,ENE,14.8,-,N/A,,Overcast,70,2016-01-09 2:10
9:42 PM,5.6,0.6,70,1023.2,16.1,ENE,16.7,31.5,N/A,,Overcast,70,2016-01-09 2:42
9:51 PM,5.6,0.6,70,1022.6,16.1,ENE,16.7,33.3,N/A,,Overcast,60,2016-01-09 2:51
10:51 PM,5.6,0.6,70,1022.8,16.1,East,14.8,-,N/A,,Overcast,80,2016-01-09 3:51
11:18 PM,5.6,0.6,70,1023.2,16.1,ENE,16.7,-,N/A,,Overcast,60,2016-01-09 4:18
11:46 PM,6,1,70,1022.6,16.1,East,16.7,-,N/A,,Overcast,90,2016-01-09 4:46
11:51 PM,5,0,70,1021.8,16.1,East,18.5,33.3,N/A,,Overcast,80,2016-01-09 4:51
12:51 AM,5,0,70,1021.9,16.1,ENE,14.8,-,N/A,,Overcast,60,2016-01-09 5:51
1:51 AM,5,0.6,73,1021.8,16.1,ENE,20.4,-,N/A,,Mostly Cloudy,70,2016-01-09 6:51
2:51 AM,5,0.6,73,1021.8,16.1,East,13,-,N/A,,Partly Cloudy,80,2016-01-09 7:51
3:51 AM,4.4,0.6,77,1021.4,16.1,East,14.8,29.6,N/A,,Mostly Cloudy,80,2016-01-09 8:51
4:51 AM,5,1.1,76,1021.2,16.1,Variable,11.1,-,N/A,,Overcast,0,2016-01-09 9:51
5:51 AM,5,1.1,76,1021.4,16.1,East,16.7,-,N/A,,Overcast,80,2016-01-09 10:51
6:51 AM,5,1.7,79,1021.7,16.1,ENE,14.8,-,N/A,,Overcast,60,2016-01-09 11:51
7:38 AM,5.6,2.2,79,1022.2,16.1,East,13,-,N/A,,Overcast,90,2016-01-09 12:38
7:51 AM,5.6,2.2,79,1021.5,14.5,East,13,-,N/A,,Overcast,80,2016-01-09 12:51
8:51 AM,5.6,2.2,79,1021.9,14.5,ENE,18.5,-,N/A,,Overcast,70,2016-01-09 13:51
9:51 AM,6.7,2.8,76,1022.9,14.5,ENE,14.8,-,N/A,,Overcast,70,2016-01-09 14:51
10:07 AM,7.2,2.8,74,1023.6,14.5,East,11.1,-,N/A,,Overcast,80,2016-01-09 15:07
10:16 AM,6.7,2.8,76,1023.6,14.5,Variable,11.1,-,N/A,,Overcast,0,2016-01-09 15:16
10:51 AM,6.7,2.8,76,1022.3,14.5,East,14.8,-,N/A,,Overcast,80,2016-01-09 15:51
11:26 AM,7.8,2.8,71,1022.6,14.5,East,14.8,-,N/A,,Overcast,80,2016-01-09 16:26
11:51 AM,7.8,2.8,71,1021.7,14.5,Variable,7.4,-,N/A,,Overcast,0,2016-01-09 16:51
12:51 PM,7.8,4.4,79,1021.1,8,NE,9.3,-,0,Rain,Light Rain,50,2016-01-09 17:51
1:51 PM,7.8,4.4,79,1020.2,12.9,ENE,13,-,0,,Overcast,60,2016-01-09 18:51
2:00 PM,7.8,3.9,76,1020.9,12.9,ENE,16.7,-,N/A,,Overcast,70,2016-01-09 19:00
2:44 PM,7.8,4.4,79,1020.9,12.9,ENE,18.5,-,N/A,,Overcast,60,2016-01-09 19:44
2:51 PM,7.8,3.9,76,1020.2,12.9,ENE,14.8,-,N/A,,Overcast,60,2016-01-09 19:51
3:51 PM,7.2,3.9,80,1020.2,12.9,East,13,-,N/A,,Overcast,90,2016-01-09 20:51
4:51 PM,7.2,4.4,82,1020.6,14.5,East,13,-,N/A,,Overcast,100,2016-01-09 21:51
5:51 PM,7.8,4.4,79,1020.5,16.1,East,9.3,-,N/A,,Overcast,80,2016-01-09 22:51
6:01 PM,7.8,4.4,79,1021.6,14.5,Variable,9.3,-,N/A,,Overcast,0,2016-01-09 23:01
6:51 PM,7.8,4.4,79,1020.6,16.1,ESE,11.1,-,N/A,,Overcast,110,2016-01-09 23:51
7:26 PM,8.3,4.4,77,1021.2,16.1,Variable,11.1,-,N/A,,Overcast,0,2016-01-10 0:26
7:51 PM,8.3,4.4,77,1020.6,16.1,East,16.7,-,N/A,,Overcast,100,2016-01-10 0:51
8:51 PM,7.8,4.4,79,1020.1,11.3,East,9.3,-,N/A,,Overcast,90,2016-01-10 1:51
9:51 PM,7.8,5,83,1019.1,12.9,ENE,11.1,-,N/A,,Overcast,60,2016-01-10 2:51
10:51 PM,7.8,5,83,1018.3,8,Variable,11.1,-,N/A,,Haze,0,2016-01-10 3:51
11:51 PM,7.8,5.6,86,1017.8,6.4,ENE,9.3,-,N/A,,Overcast,70,2016-01-10 4:51
12:51 AM,7.8,5.6,86,1016.1,8,ENE,16.7,-,N/A,,Overcast,70,2016-01-10 5:51
1:51 AM,7.8,5.6,86,1014.4,11.3,ENE,18.5,-,0,,Overcast,70,2016-01-10 6:51
2:51 AM,7.8,5.6,86,1013,12.9,ENE,24.1,33.3,0,Rain,Light Rain,70,2016-01-10 7:51
3:47 AM,7,6,93,1012.4,4,East,18.5,33.3,0.04,Rain,Rain,80,2016-01-10 8:47
3:51 AM,7.2,5.6,90,1011.7,4.8,ENE,16.7,29.6,0.05,Rain,Rain,70,2016-01-10 8:51
4:12 AM,7.2,5.6,90,1011.7,4,ENE,14.8,-,0.05,Rain,Rain,70,2016-01-10 9:12
4:39 AM,7.2,5.6,90,1010.7,4.8,East,22.2,35.2,0.14,Rain,Rain,80,2016-01-10 9:39
4:41 AM,7.2,5.6,90,1010.4,4,ENE,24.1,35.2,0.14,Rain,Heavy Rain,70,2016-01-10 9:41
4:51 AM,7.2,5.6,90,1009.8,2.4,ENE,27.8,40.7,0.2,Rain,Heavy Rain,70,2016-01-10 9:51
5:02 AM,7.2,5.6,90,1010.4,2.8,ENE,27.8,37,0.07,Rain,Heavy Rain,70,2016-01-10 10:02
5:37 AM,7.2,5.6,90,1008.4,4.8,ENE,29.6,48.2,0.26,Rain,Light Rain,70,2016-01-10 10:37
5:46 AM,7,6,93,1009,2.8,East,14.8,37,0.29,Rain,Heavy Rain,80,2016-01-10 10:46
5:51 AM,7.2,5.6,90,1007.8,2.8,ENE,18.5,35.2,0.32,Rain,Rain,70,2016-01-10 10:51
6:01 AM,7.2,5.6,90,1007.7,3.2,ENE,22.2,42.6,0.04,Rain,Rain,70,2016-01-10 11:01
6:29 AM,7.2,6.1,93,1006.7,4.8,ENE,22.2,37,0.12,Rain,Rain,70,2016-01-10 11:29
6:48 AM,7,6,93,1006.3,3.2,East,16.7,31.5,0.19,Rain,Heavy Rain,90,2016-01-10 11:48
6:51 AM,7.8,6.1,89,1005.4,2.8,East,16.7,31.5,0.2,Rain,Heavy Rain,80,2016-01-10 11:51
7:51 AM,8.9,7.2,89,1002.2,2,East,18.5,31.5,0.47,Rain,Heavy Rain,80,2016-01-10 12:51
8:13 AM,9.4,8.3,93,1002.3,1.2,NNE,7.4,35.2,0.24,Rain,Heavy Rain,30,2016-01-10 13:13
8:21 AM,9.4,8.3,93,1002.3,1.6,ENE,7.4,-,0.38,Rain,Heavy Rain,60,2016-01-10 13:21
8:42 AM,10,8.3,89,1002.6,4.8,WNW,11.1,-,0.46,Rain,Light Rain,290,2016-01-10 13:42
8:51 AM,10,9.4,96,1001.5,8,Variable,7.4,-,0.46,Rain,Light Rain,0,2016-01-10 13:51
9:51 AM,13.9,12.8,93,1000.5,8,Variable,9.3,-,0.01,,Overcast,0,2016-01-10 14:51
10:45 AM,14,13,94,999.5,2.8,South,18.5,38.9,0,Rain,Light Rain,180,2016-01-10 15:45
10:51 AM,13.9,12.8,93,999.1,2.8,South,13,38.9,0.01,Rain,Light Rain,180,2016-01-10 15:51
11:05 AM,13.9,12.8,93,998.9,4.8,Variable,11.1,-,0.02,Rain,Light Rain,0,2016-01-10 16:05
11:31 AM,13.9,12.8,93,997.9,4,South,14.8,-,0.02,,Overcast,170,2016-01-10 16:31
11:51 AM,13.9,12.8,93,996.6,4,South,13,27.8,0.02,Rain,Light Rain,190,2016-01-10 16:51
12:04 PM,13.9,12.8,93,997.2,4,South,13,27.8,0.01,Rain,Light Rain,170,2016-01-10 17:04
12:12 PM,13.9,12.8,93,996.8,2.4,Variable,9.3,-,0.03,Rain,Light Rain,0,2016-01-10 17:12
12:18 PM,13.9,12.8,93,996.5,4.8,South,11.1,-,0.03,Rain,Light Rain,170,2016-01-10 17:18
12:51 PM,14.4,12.8,90,994.9,6.4,South,13,27.8,0.03,,Overcast,170,2016-01-10 17:51
1:51 PM,15,13.3,90,993.2,11.3,South,11.1,-,N/A,,Overcast,170,2016-01-10 18:51
2:12 PM,15,12.8,87,993.8,11.3,South,11.1,-,N/A,,Overcast,170,2016-01-10 19:12
2:51 PM,13.9,12.2,89,992.1,8,Variable,5.6,31.5,N/A,,Overcast,0,2016-01-10 19:51
3:08 PM,13.9,12.2,89,992.4,8,South,13,-,N/A,,Overcast,180,2016-01-10 20:08
3:26 PM,13.9,11.7,87,992.4,11.3,Variable,9.3,-,N/A,,Scattered Clouds,0,2016-01-10 20:26
3:51 PM,13.9,11.7,87,991.4,4.8,South,20.4,38.9,0.01,Rain,Light Rain,170,2016-01-10 20:51
4:51 PM,13.9,6.7,62,993.2,16.1,West,14.8,27.8,0.02,,Mostly Cloudy,260,2016-01-10 21:51
5:51 PM,13.3,6.1,62,993.9,16.1,West,13,-,N/A,,Partly Cloudy,260,2016-01-10 22:51
6:51 PM,12.8,4.4,57,994.8,16.1,WSW,13,40.7,N/A,,Clear,250,2016-01-10 23:51
7:51 PM,11.1,2.8,57,996,16.1,West,13,40.7,N/A,,Overcast,270,2016-01-11 0:51
8:51 PM,8.3,-1.1,52,997.6,16.1,Variable,11.1,33.3,N/A,,Partly Cloudy,0,2016-01-11 1:51
9:51 PM,6.1,-3.9,49,999.7,16.1,WNW,24.1,44.4,N/A,,Clear,290,2016-01-11 2:51
10:51 PM,5,-4.4,51,1001.4,16.1,West,24.1,51.9,N/A,,Scattered Clouds,280,2016-01-11 3:51
11:51 PM,5,-5,49,1002.3,16.1,WNW,20.4,40.7,N/A,,Overcast,290,2016-01-11 4:51
12:51 AM,3.9,-6.7,46,1003.2,16.1,Variable,11.1,37,N/A,,Overcast,0,2016-01-11 5:51
1:51 AM,3.9,-7.8,43,1004.2,16.1,WNW,20.4,40.7,N/A,,Overcast,290,2016-01-11 6:51
2:51 AM,2.2,-7.8,48,1005.5,16.1,West,20.4,38.9,N/A,,Clear,280,2016-01-11 7:51
3:51 AM,1.1,-9.4,46,1006.8,16.1,West,14.8,38.9,N/A,,Partly Cloudy,270,2016-01-11 8:51
4:51 AM,0.6,-11.1,42,1008,16.1,WNW,20.4,40.7,N/A,,Clear,290,2016-01-11 9:51
5:51 AM,0,-11.7,42,1009.1,16.1,North,-9999,-,N/A,,Clear,0,2016-01-11 10:51
6:51 AM,-0.6,-10,50,1010,16.1,West,9.3,-,N/A,,Clear,260,2016-01-11 11:51
7:51 AM,-1.1,-12.8,41,1011.1,16.1,WNW,16.7,40.7,N/A,,Clear,300,2016-01-11 12:51
8:51 AM,-1.1,-13.3,40,1012.3,16.1,West,20.4,35.2,N/A,,Clear,280,2016-01-11 13:51
9:51 AM,-0.6,-13.9,37,1013.2,16.1,Variable,7.4,29.6,N/A,,Clear,0,2016-01-11 14:51
10:51 AM,-0.6,-13.9,37,1013.5,16.1,WNW,20.4,37,N/A,,Clear,290,2016-01-11 15:51
11:51 AM,0,-13.3,37,1013,16.1,WNW,18.5,-,N/A,,Clear,290,2016-01-11 16:51
12:51 PM,0.6,-13.3,35,1013.1,16.1,West,18.5,33.3,N/A,,Clear,280,2016-01-11 17:51
1:51 PM,0.6,-14.4,32,1012.9,16.1,WNW,18.5,37,N/A,,Clear,290,2016-01-11 18:51
2:51 PM,0.6,-15,31,1013.3,16.1,WNW,14.8,37,N/A,,Clear,290,2016-01-11 19:51
3:51 PM,0.6,-16.7,27,1014.7,16.1,WNW,18.5,33.3,N/A,,Clear,290,2016-01-11 20:51
4:51 PM,0,-16.1,29,1015.5,16.1,West,16.7,33.3,N/A,,Clear,280,2016-01-11 21:51
5:51 PM,-0.6,-16.1,31,1017.1,16.1,WNW,24.1,37,N/A,,Clear,290,2016-01-11 22:51
6:51 PM,-1.7,-16.7,32,1018.2,16.1,WNW,18.5,33.3,N/A,,Clear,290,2016-01-11 23:51
7:51 PM,-1.7,-17.2,30,1018.8,16.1,WNW,18.5,33.3,N/A,,Clear,290,2016-01-12 0:51
8:51 PM,-2.2,-17.2,31,1019.2,16.1,WNW,16.7,29.6,N/A,,Clear,300,2016-01-12 1:51
9:51 PM,-2.8,-16.7,34,1019.5,16.1,North,-9999,-,N/A,,Clear,0,2016-01-12 2:51
10:51 PM,-2.8,-16.7,34,1019.2,16.1,NW,13,-,N/A,,Clear,320,2016-01-12 3:51
11:51 PM,-3.3,-16.7,35,1019.4,16.1,NW,11.1,-,N/A,,Clear,320,2016-01-12 4:51
12:51 AM,-3.9,-16.1,39,1018.9,16.1,Variable,9.3,-,N/A,,Clear,0,2016-01-12 5:51
1:51 AM,-3.9,-16.7,37,1019.2,16.1,Calm,Calm,-,N/A,,Clear,0,2016-01-12 6:51
2:51 AM,-3.9,-16.1,39,1019.2,16.1,Calm,Calm,-,N/A,,Clear,0,2016-01-12 7:51
3:51 AM,-3.3,-15.6,39,1018.9,16.1,West,9.3,-,N/A,,Clear,270,2016-01-12 8:51
4:51 AM,-3.3,-14.4,43,1018.6,16.1,Variable,7.4,-,N/A,,Clear,0,2016-01-12 9:51
5:51 AM,-3.3,-14.4,43,1017.8,16.1,Calm,Calm,-,N/A,,Clear,0,2016-01-12 10:51
6:51 AM,-2.8,-14.4,41,1016.7,16.1,Calm,Calm,-,N/A,,Clear,0,2016-01-12 11:51
7:51 AM,-2.2,-12.8,45,1015.7,16.1,Calm,Calm,-,N/A,,Mostly Cloudy,0,2016-01-12 12:51
8:51 AM,-1.7,-11.7,47,1015.3,16.1,Calm,Calm,-,N/A,,Clear,0,2016-01-12 13:51
9:51 AM,0.6,-10,46,1014.1,16.1,SSE,11.1,-,N/A,,Clear,160,2016-01-12 14:51
10:51 AM,3.3,-7.2,47,1012.8,16.1,Calm,Calm,-,N/A,,Overcast,0,2016-01-12 15:51
11:51 AM,4.4,-8.9,38,1010.3,16.1,Variable,9.3,37,N/A,,Overcast,0,2016-01-12 16:51
12:51 PM,5.6,-7.8,38,1007.9,16.1,South,16.7,31.5,N/A,,Overcast,180,2016-01-12 17:51
1:51 PM,6.1,-7.2,38,1005.7,16.1,SSE,13,-,N/A,,Overcast,160,2016-01-12 18:51
2:51 PM,6.7,-8.9,32,1004.5,16.1,SW,13,-,N/A,,Overcast,220,2016-01-12 19:51
3:51 PM,6.1,-6.1,42,1004.5,16.1,SSW,18.5,44.4,N/A,,Overcast,210,2016-01-12 20:51
4:51 PM,2.8,-1.7,73,1005.2,16.1,West,14.8,38.9,N/A,,Overcast,260,2016-01-12 21:51
5:51 PM,2.2,-2.2,73,1004.4,16.1,WSW,7.4,-,N/A,,Mostly Cloudy,250,2016-01-12 22:51
6:51 PM,2.8,-2.2,70,1004.1,16.1,North,-9999,-,N/A,,Partly Cloudy,0,2016-01-12 23:51
7:51 PM,3.3,-2.8,65,1003.6,16.1,Variable,9.3,-,N/A,,Partly Cloudy,0,2016-01-13 0:51
8:51 PM,2.8,-3.9,62,1004.3,16.1,Variable,11.1,33.3,N/A,,Overcast,0,2016-01-13 1:51
9:51 PM,0.6,-7.2,56,1005,16.1,West,25.9,48.2,0,,Mostly Cloudy,280,2016-01-13 2:51
10:51 PM,0,-7.8,56,1005.3,16.1,West,33.3,50,N/A,,Scattered Clouds,280,2016-01-13 3:51
11:51 PM,-1.1,-12.2,43,1006.5,16.1,WNW,16.7,37,N/A,,Mostly Cloudy,290,2016-01-13 4:51
12:51 AM,-2.8,-13.9,43,1007.3,16.1,West,24.1,37,N/A,,Clear,280,2016-01-13 5:51
1:51 AM,-3.3,-14.4,43,1008.5,16.1,WNW,22.2,55.6,N/A,,Clear,290,2016-01-13 6:51
2:51 AM,-3.9,-14.4,45,1010.1,16.1,WNW,18.5,38.9,N/A,,Clear,290,2016-01-13 7:51
3:51 AM,-4.4,-14.4,46,1010.7,16.1,WNW,20.4,35.2,N/A,,Clear,300,2016-01-13 8:51
4:51 AM,-5,-13.9,50,1011.8,16.1,West,22.2,42.6,N/A,,Clear,280,2016-01-13 9:51
5:51 AM,-5,-14.4,48,1012.6,16.1,West,16.7,38.9,N/A,,Clear,270,2016-01-13 10:51
6:51 AM,-5.6,-13.9,53,1013.5,16.1,WNW,16.7,38.9,N/A,,Clear,290,2016-01-13 11:51
7:51 AM,-5.6,-14.4,51,1014.4,16.1,Variable,9.3,27.8,N/A,,Clear,0,2016-01-13 12:51
8:51 AM,-5,-14.4,48,1015.4,16.1,West,20.4,40.7,N/A,,Clear,270,2016-01-13 13:51
9:51 AM,-4.4,-15,44,1015.6,16.1,WNW,16.7,50,N/A,,Clear,290,2016-01-13 14:51
10:51 AM,-3.9,-16.1,39,1016,16.1,West,24.1,42.6,N/A,,Partly Cloudy,270,2016-01-13 15:51
11:51 AM,-3.3,-16.7,35,1015.3,16.1,Variable,7.4,37,N/A,,Partly Cloudy,0,2016-01-13 16:51
12:51 PM,-2.2,-16.7,33,1014.4,16.1,NW,14.8,33.3,N/A,,Clear,310,2016-01-13 17:51
1:51 PM,-2.2,-16.7,33,1013.5,16.1,WNW,22.2,46.3,N/A,,Clear,290,2016-01-13 18:51
2:51 PM,-2.2,-16.7,33,1014.2,16.1,Variable,7.4,37,N/A,,Clear,0,2016-01-13 19:51
3:51 PM,-2.2,-15.6,36,1014.3,16.1,West,14.8,29.6,N/A,,Clear,280,2016-01-13 20:51
4:51 PM,-2.8,-15.6,37,1014.7,16.1,WNW,14.8,-,N/A,,Clear,290,2016-01-13 21:51
5:51 PM,-3.3,-15.6,39,1015.6,16.1,WNW,13,35.2,N/A,,Clear,290,2016-01-13 22:51
6:51 PM,-3.9,-15.6,41,1016.5,16.1,North,-9999,-,N/A,,Clear,0,2016-01-13 23:51
7:51 PM,-4.4,-16.1,40,1016.2,16.1,WNW,16.7,29.6,N/A,,Clear,300,2016-01-14 0:51
8:51 PM,-4.4,-16.1,40,1016.1,16.1,West,16.7,27.8,N/A,,Clear,280,2016-01-14 1:51
9:51 PM,-4.4,-16.1,40,1016,16.1,West,14.8,-,N/A,,Clear,280,2016-01-14 2:51
10:51 PM,-5,-15.6,44,1016,16.1,WSW,7.4,-,N/A,,Partly Cloudy,250,2016-01-14 3:51
11:51 PM,-5,-15.6,44,1015.4,16.1,Calm,Calm,-,N/A,,Overcast,0,2016-01-14 4:51
12:51 AM,-5,-16.7,40,1015,16.1,Variable,9.3,-,N/A,,Scattered Clouds,0,2016-01-14 5:51
1:51 AM,-5.6,-17.2,40,1014.3,16.1,Variable,5.6,27.8,N/A,,Overcast,0,2016-01-14 6:51
2:51 AM,-5,-16.7,40,1014.5,16.1,Variable,5.6,-,N/A,,Overcast,0,2016-01-14 7:51
3:51 AM,-5,-15.6,44,1014.1,16.1,Calm,Calm,-,N/A,,Overcast,0,2016-01-14 8:51
4:51 AM,-5,-15.6,44,1013.7,16.1,Variable,5.6,-,N/A,,Overcast,0,2016-01-14 9:51
5:51 AM,-4.4,-13.3,51,1014,16.1,West,13,-,N/A,,Overcast,260,2016-01-14 10:51
6:51 AM,-4.4,-11.7,57,1013.9,16.1,Variable,9.3,-,N/A,,Overcast,0,2016-01-14 11:51
7:51 AM,-4.4,-12.8,53,1013.9,16.1,Variable,7.4,-,N/A,,Overcast,0,2016-01-14 12:51
8:51 AM,-3.3,-13.9,44,1013.9,16.1,Variable,7.4,-,N/A,,Overcast,0,2016-01-14 13:51
9:51 AM,-2.8,-14.4,41,1014,16.1,Variable,9.3,-,N/A,,Overcast,0,2016-01-14 14:51
10:51 AM,-1.7,-13.9,40,1013.7,16.1,WSW,14.8,-,N/A,,Overcast,240,2016-01-14 15:51
11:51 AM,-0.6,-12.8,40,1013.2,16.1,West,13,-,N/A,,Overcast,270,2016-01-14 16:51
12:51 PM,0.6,-11.1,42,1012.5,16.1,Variable,9.3,27.8,N/A,,Overcast,0,2016-01-14 17:51
1:51 PM,1.7,-9.4,44,1012.2,16.1,West,14.8,31.5,N/A,,Overcast,270,2016-01-14 18:51
2:51 PM,2.2,-8.3,46,1012.6,16.1,West,13,31.5,N/A,,Overcast,280,2016-01-14 19:51
3:51 PM,2.8,-7.8,46,1012.9,16.1,North,-9999,-,N/A,,Overcast,0,2016-01-14 20:51
4:51 PM,2.8,-7.2,48,1014.3,16.1,West,13,-,N/A,,Overcast,280,2016-01-14 21:51
5:51 PM,2.8,-7.2,48,1014.3,16.1,West,5.6,-,N/A,,Overcast,280,2016-01-14 22:51
6:51 PM,2.8,-7.2,48,1014.7,16.1,WSW,5.6,-,N/A,,Overcast,240,2016-01-14 23:51
7:51 PM,3.3,-7.2,47,1014.6,16.1,Calm,Calm,-,N/A,,Overcast,0,2016-01-15 0:51
8:51 PM,2.8,-7.2,48,1014.7,16.1,NW,5.6,-,N/A,,Clear,320,2016-01-15 1:51
9:51 PM,2.8,-6.7,50,1015,16.1,Variable,5.6,-,N/A,,Mostly Cloudy,0,2016-01-15 2:51
10:51 PM,2.8,-5.6,54,1014.7,16.1,SE,5.6,-,N/A,,Overcast,130,2016-01-15 3:51
11:51 PM,2.8,-6.1,52,1014.2,16.1,Calm,Calm,-,N/A,,Mostly Cloudy,0,2016-01-15 4:51
12:51 AM,2.2,-6.1,55,1013.7,16.1,ESE,5.6,-,N/A,,Clear,120,2016-01-15 5:51
1:51 AM,2.8,-6.7,50,1013.9,16.1,Variable,7.4,-,N/A,,Clear,0,2016-01-15 6:51
2:51 AM,2.2,-5,59,1014,16.1,Variable,5.6,-,N/A,,Clear,0,2016-01-15 7:51
3:51 AM,1.7,-5,61,1013.5,16.1,NE,7.4,-,N/A,,Clear,40,2016-01-15 8:51
4:51 AM,1.7,-5,61,1013.5,16.1,NNE,7.4,-,N/A,,Partly Cloudy,30,2016-01-15 9:51
5:51 AM,2.8,-4.4,59,1013.8,16.1,NNE,5.6,-,N/A,,Overcast,30,2016-01-15 10:51
6:51 AM,2.8,-3.3,65,1013.6,16.1,NNE,7.4,-,N/A,,Overcast,30,2016-01-15 11:51
7:51 AM,2.8,-2.8,67,1013.9,12.9,NNE,5.6,-,N/A,,Overcast,30,2016-01-15 12:51
8:51 AM,3.9,-1.7,67,1013.3,11.3,ENE,7.4,-,N/A,,Partly Cloudy,60,2016-01-15 13:51
9:51 AM,5,-1.1,65,1012.7,12.9,Variable,7.4,-,N/A,,Clear,0,2016-01-15 14:51
10:51 AM,5.6,-1.1,62,1012.5,12.9,North,-9999,-,N/A,,Clear,0,2016-01-15 15:51
11:51 AM,7.8,-0.6,56,1011.3,11.3,Variable,5.6,-,N/A,,Clear,0,2016-01-15 16:51
12:51 PM,8.9,1.1,58,1009.9,14.5,Variable,7.4,-,N/A,,Clear,0,2016-01-15 17:51
1:51 PM,10.6,0.6,50,1009.2,16.1,South,11.1,-,N/A,,Clear,170,2016-01-15 18:51
2:51 PM,10,1.7,57,1008.1,16.1,North,-9999,-,N/A,,Clear,0,2016-01-15 19:51
3:51 PM,9.4,3.3,66,1006.3,16.1,SSE,11.1,27.8,N/A,,Clear,160,2016-01-15 20:51
4:51 PM,9.4,3.9,69,1007.2,16.1,SSE,14.8,27.8,N/A,,Clear,160,2016-01-15 21:51
5:51 PM,9.4,3.3,66,1007.6,16.1,South,9.3,-,N/A,,Clear,170,2016-01-15 22:51
6:51 PM,9.4,2.2,61,1007.1,16.1,South,11.1,-,N/A,,Clear,170,2016-01-15 23:51
7:51 PM,9.4,2.8,64,1005.8,16.1,SSE,7.4,-,N/A,,Clear,160,2016-01-16 0:51
8:51 PM,8.9,2.8,66,1004.6,16.1,South,9.3,-,N/A,,Overcast,180,2016-01-16 1:51
9:51 PM,7.8,4.4,79,1002.9,16.1,ENE,13,-,0,,Mostly Cloudy,60,2016-01-16 2:51
10:51 PM,7.8,3.9,76,1002,16.1,Variable,9.3,-,N/A,,Overcast,0,2016-01-16 3:51
11:51 PM,7.8,4.4,79,1000.1,14.5,ENE,7.4,-,N/A,,Mostly Cloudy,60,2016-01-16 4:51
12:51 AM,7.2,4.4,82,998.6,11.3,ENE,9.3,-,N/A,,Overcast,60,2016-01-16 5:51
1:06 AM,6.7,5,89,999.2,6.4,ENE,13,-,0,Rain,Light Rain,70,2016-01-16 6:06
1:48 AM,7,4,81,998.5,6.4,East,13,-,0.01,Rain,Rain,100,2016-01-16 6:48
1:51 AM,6.7,4.4,85,997.6,4.8,ENE,14.8,-,0.01,Rain,Rain,60,2016-01-16 6:51
1:58 AM,6.1,4.4,89,998.2,3.2,East,14.8,-,0.02,Rain,Rain,80,2016-01-16 6:58
2:16 AM,5.6,3.9,89,997.9,4,ENE,20.4,29.6,0.06,Rain,Rain,70,2016-01-16 7:16
2:25 AM,5.6,3.9,89,997.5,4.8,ENE,20.4,-,0.08,Rain,Rain,70,2016-01-16 7:25
2:48 AM,6,4,87,996.8,6.4,ENE,11.1,-,0.12,Rain,Light Rain,60,2016-01-16 7:48
2:51 AM,5.6,3.9,89,996.1,6.4,ENE,11.1,-,0.12,Rain,Light Rain,60,2016-01-16 7:51
3:51 AM,6.1,3.9,86,995,11.3,ENE,11.1,-,0.02,Rain,Light Rain,60,2016-01-16 8:51
4:51 AM,6.1,3.9,86,994.3,9.7,Variable,5.6,-,0.04,Rain,Light Rain,0,2016-01-16 9:51
5:51 AM,6.1,3.9,86,993.9,16.1,Variable,5.6,-,0.01,,Mostly Cloudy,0,2016-01-16 10:51
6:51 AM,6.1,3.9,86,995.1,11.3,WNW,13,-,0.01,Rain,Light Rain,300,2016-01-16 11:51
7:51 AM,6.1,3.9,86,996,9.7,Variable,5.6,-,0.02,Rain,Light Rain,0,2016-01-16 12:51
8:10 AM,6.1,3.9,86,997.5,8,Variable,7.4,-,0.01,Rain,Light Rain,0,2016-01-16 13:10
8:17 AM,6.1,4.4,89,997.5,9.7,Calm,Calm,-,0.01,Rain,Light Rain,0,2016-01-16 13:17
8:47 AM,6,4,87,998.2,12.9,Calm,Calm,-,0.01,,Overcast,0,2016-01-16 13:47
8:51 AM,6.1,4.4,89,997.7,12.9,Variable,7.4,-,0.01,,Overcast,0,2016-01-16 13:51
9:43 AM,6.7,3.9,82,999.5,14.5,WNW,9.3,-,N/A,,Overcast,290,2016-01-16 14:43
9:51 AM,6.7,3.9,82,998.7,14.5,NW,7.4,-,N/A,,Overcast,310,2016-01-16 14:51
10:51 AM,7.2,3.9,80,998.8,16.1,WNW,13,-,N/A,,Overcast,290,2016-01-16 15:51
11:51 AM,8.3,3.9,74,998.6,16.1,WNW,14.8,25.9,N/A,,Overcast,290,2016-01-16 16:51
12:11 PM,8.9,3.3,68,999.2,16.1,WNW,16.7,29.6,N/A,,Scattered Clouds,290,2016-01-16 17:11
12:51 PM,10,3.3,63,998.7,16.1,North,-9999,-,N/A,,Partly Cloudy,0,2016-01-16 17:51
1:51 PM,10,1.7,57,999.2,16.1,WNW,20.4,33.3,N/A,,Overcast,290,2016-01-16 18:51
2:51 PM,10.6,0.6,50,999.8,16.1,Variable,9.3,-,N/A,,Overcast,0,2016-01-16 19:51
3:51 PM,10,0,50,1001.2,16.1,WNW,13,35.2,N/A,,Overcast,290,2016-01-16 20:51
4:51 PM,10,0.6,52,1002.7,16.1,WNW,16.7,35.2,N/A,,Overcast,290,2016-01-16 21:51
5:51 PM,8.3,-1.1,52,1004.2,16.1,WNW,11.1,-,N/A,,Overcast,300,2016-01-16 22:51
6:51 PM,7.8,-1.1,54,1005.4,16.1,Variable,11.1,-,N/A,,Overcast,0,2016-01-16 23:51
7:51 PM,7.8,-0.6,56,1006.2,16.1,Variable,7.4,-,N/A,,Overcast,0,2016-01-17 0:51
8:51 PM,7.2,-1.7,53,1006.6,16.1,West,11.1,-,N/A,,Overcast,280,2016-01-17 1:51
9:51 PM,6.7,-1.7,55,1007,16.1,Variable,7.4,-,N/A,,Scattered Clouds,0,2016-01-17 2:51
10:51 PM,6.1,-1.7,58,1007.4,16.1,West,16.7,-,N/A,,Overcast,280,2016-01-17 3:51
11:51 PM,5.6,-1.7,60,1007.7,16.1,West,5.6,-,N/A,,Overcast,280,2016-01-17 4:51
12:51 AM,5.6,-2.2,58,1008.1,16.1,West,9.3,27.8,N/A,,Overcast,270,2016-01-17 5:51
1:25 AM,5,-2.2,60,1009.4,16.1,NW,18.5,29.6,N/A,,Overcast,310,2016-01-17 6:25
1:46 AM,5,-2,61,1009.4,16.1,WNW,11.1,-,N/A,,Overcast,300,2016-01-17 6:46
1:51 AM,5,-2.2,60,1008.7,16.1,WNW,13,-,N/A,,Overcast,300,2016-01-17 6:51
2:49 AM,5,-2,61,1010.4,16.1,Variable,7.4,-,N/A,,Overcast,0,2016-01-17 7:49
2:51 AM,5,-2.2,60,1009.5,16.1,WNW,7.4,-,N/A,,Overcast,300,2016-01-17 7:51
3:15 AM,4.4,-3.3,58,1010.7,16.1,North,-9999,-,N/A,,Overcast,0,2016-01-17 8:15
3:51 AM,3.9,-4.4,55,1010,16.1,Variable,9.3,-,N/A,,Overcast,0,2016-01-17 8:51
4:51 AM,2.8,-6.7,50,1010.4,16.1,Variable,11.1,-,N/A,,Partly Cloudy,0,2016-01-17 9:51
5:51 AM,2.2,-7.2,50,1010.2,16.1,NNW,11.1,-,N/A,,Clear,330,2016-01-17 10:51
6:51 AM,1.7,-7.2,52,1010.4,16.1,North,13,-,N/A,,Clear,10,2016-01-17 11:51
7:51 AM,1.7,-7.8,50,1010.9,16.1,NNE,14.8,-,N/A,,Clear,20,2016-01-17 12:51
8:51 AM,1.7,-7.2,52,1011.3,16.1,ENE,13,-,N/A,,Clear,60,2016-01-17 13:51
9:51 AM,1.7,-7.8,50,1012.2,16.1,NNE,11.1,-,N/A,,Clear,30,2016-01-17 14:51
10:51 AM,1.7,-7.8,50,1011.1,16.1,ENE,14.8,25.9,N/A,,Partly Cloudy,60,2016-01-17 15:51
11:51 AM,2.2,-7.8,48,1010.7,16.1,Variable,7.4,-,N/A,,Overcast,0,2016-01-17 16:51
12:51 PM,2.2,-7.8,48,1008.9,16.1,Variable,9.3,-,N/A,,Overcast,0,2016-01-17 17:51
1:51 PM,1.7,-8.3,48,1008.4,16.1,North,13,-,N/A,,Overcast,10,2016-01-17 18:51
2:51 PM,1.1,-7.2,54,1007.7,16.1,Variable,11.1,-,N/A,,Overcast,0,2016-01-17 19:51
3:51 PM,-0.6,-4.4,76,1006.8,1.2,Variable,11.1,-,0,Snow,Light Snow,0,2016-01-17 20:51
4:51 PM,-1.1,-3.3,85,1006.9,0.8,Variable,5.6,-,0.02,Fog-Snow,Snow,0,2016-01-17 21:51
5:51 PM,-1.1,-3.3,85,1006.9,1.6,Calm,Calm,-,0.02,Snow,Light Snow,0,2016-01-17 22:51
6:29 PM,-1.1,-3.9,82,1007.3,3.2,Variable,7.4,-,0,Snow,Light Snow,0,2016-01-17 23:29
6:40 PM,-1.1,-3.9,82,1007.3,4,ENE,9.3,-,0.01,Snow,Light Snow,60,2016-01-17 23:40
6:51 PM,-1.1,-3.9,82,1006.6,4,North,9.3,-,0.01,Snow,Light Snow,360,2016-01-17 23:51
7:07 PM,-1.1,-3.9,82,1007,4.8,Calm,Calm,-,0,Snow,Light Snow,0,2016-01-18 0:07
7:51 PM,-1.1,-3.9,82,1006.3,11.3,Variable,5.6,-,0,,Overcast,0,2016-01-18 0:51
8:10 PM,-1.1,-3.9,82,1007,14.5,Calm,Calm,-,N/A,,Overcast,0,2016-01-18 1:10
8:36 PM,-1.1,-3.9,82,1007,12.9,NW,9.3,-,N/A,,Overcast,310,2016-01-18 1:36
8:51 PM,-1.1,-4.4,79,1006.2,12.9,Variable,7.4,-,N/A,,Mostly Cloudy,0,2016-01-18 1:51
9:33 PM,-1.1,-4.4,79,1006.7,14.5,Calm,Calm,-,N/A,,Scattered Clouds,0,2016-01-18 2:33
9:51 PM,-1.1,-4.4,79,1005.7,14.5,WNW,5.6,-,N/A,,Clear,290,2016-01-18 2:51
10:51 PM,-0.6,-4.4,76,1005.6,16.1,Calm,Calm,-,N/A,,Overcast,0,2016-01-18 3:51
11:51 PM,-0.6,-4.4,76,1005.4,16.1,Calm,Calm,-,N/A,,Overcast,0,2016-01-18 4:51
12:51 AM,-0.6,-5,72,1004.8,16.1,Variable,7.4,-,N/A,,Clear,0,2016-01-18 5:51
1:51 AM,-0.6,-4.4,76,1005,12.9,North,-9999,-,N/A,,Clear,0,2016-01-18 6:51
2:51 AM,-1.1,-4.4,79,1004.9,12.9,Variable,9.3,-,N/A,,Clear,0,2016-01-18 7:51
3:51 AM,-1.1,-7.8,61,1005.2,16.1,West,25.9,44.4,N/A,,Clear,280,2016-01-18 8:51
4:51 AM,-1.7,-12.8,43,1005.8,16.1,WNW,20.4,38.9,N/A,,Partly Cloudy,290,2016-01-18 9:51
5:51 AM,-2.8,-16.1,36,1006.5,16.1,WNW,24.1,44.4,N/A,,Clear,290,2016-01-18 10:51
6:32 AM,-5.6,-10,72,1008.7,2.8,NW,22.2,40.7,0,Snow,Light Snow,310,2016-01-18 11:32
6:43 AM,-5,-10.6,65,1008.7,4.8,NW,25.9,44.4,0,Snow,Light Snow,310,2016-01-18 11:43
6:51 AM,-5,-11.7,60,1008.4,14.5,NW,20.4,51.9,0,,Overcast,310,2016-01-18 11:51
7:51 AM,-5.6,-14.4,51,1008.8,16.1,WNW,16.7,33.3,N/A,,Mostly Cloudy,300,2016-01-18 12:51
8:51 AM,-5,-15.6,44,1010.3,16.1,Variable,7.4,37,N/A,,Clear,0,2016-01-18 13:51
9:51 AM,-5,-16.1,42,1010.2,16.1,North,-9999,-,N/A,,Partly Cloudy,0,2016-01-18 14:51
10:51 AM,-4.4,-17.2,37,1010.3,16.1,West,16.7,38.9,N/A,,Clear,280,2016-01-18 15:51
11:51 AM,-3.3,-17.2,34,1010,16.1,North,-9999,-,N/A,,Clear,0,2016-01-18 16:51
12:51 PM,-3.3,-18.3,31,1009.7,16.1,NW,29.6,48.2,N/A,,Clear,310,2016-01-18 17:51
1:51 PM,-2.2,-18.9,27,1009.5,16.1,WNW,16.7,37,N/A,,Mostly Cloudy,290,2016-01-18 18:51
2:51 PM,-3.3,-18.9,30,1010,16.1,WNW,20.4,42.6,N/A,,Mostly Cloudy,300,2016-01-18 19:51
3:51 PM,-3.9,-18.9,31,1010.8,16.1,West,29.6,53.7,N/A,,Mostly Cloudy,280,2016-01-18 20:51
4:51 PM,-5,-17.2,39,1011.5,16.1,WNW,14.8,37,N/A,,Clear,300,2016-01-18 21:51
5:51 PM,-5,-16.7,40,1012.4,16.1,North,-9999,-,N/A,,Clear,0,2016-01-18 22:51
6:51 PM,-5.6,-17.2,40,1013.9,16.1,WNW,16.7,42.6,N/A,,Clear,290,2016-01-18 23:51
7:51 PM,-6.1,-16.7,44,1013.8,16.1,West,31.5,44.4,N/A,,Clear,280,2016-01-19 0:51
8:51 PM,-6.7,-17.8,42,1014.3,16.1,WNW,22.2,37,N/A,,Clear,290,2016-01-19 1:51
9:51 PM,-6.7,-17.8,42,1015.6,16.1,WNW,18.5,38.9,N/A,,Clear,290,2016-01-19 2:51
10:51 PM,-7.2,-17.2,46,1014.8,16.1,West,13,35.2,N/A,,Clear,270,2016-01-19 3:51
11:51 PM,-7.8,-17.2,48,1014.9,16.1,WNW,18.5,35.2,N/A,,Clear,290,2016-01-19 4:51
12:51 AM,-7.8,-17.2,48,1015.3,16.1,West,24.1,44.4,N/A,,Clear,280,2016-01-19 5:51
1:51 AM,-8.3,-17.2,50,1015.7,16.1,West,14.8,37,N/A,,Clear,280,2016-01-19 6:51
2:51 AM,-8.3,-17.8,47,1015.3,16.1,WNW,22.2,44.4,N/A,,Clear,290,2016-01-19 7:51
3:51 AM,-8.3,-17.2,50,1015.4,16.1,West,16.7,42.6,N/A,,Clear,280,2016-01-19 8:51
4:51 AM,-8.3,-17.2,50,1015.5,16.1,WNW,18.5,38.9,N/A,,Clear,290,2016-01-19 9:51
5:51 AM,-8.3,-17.2,50,1015.9,16.1,WNW,16.7,42.6,N/A,,Clear,290,2016-01-19 10:51
6:51 AM,-8.9,-17.2,52,1016.3,16.1,WNW,20.4,44.4,N/A,,Clear,290,2016-01-19 11:51
7:51 AM,-8.9,-17.2,52,1016.6,16.1,WNW,25.9,40.7,N/A,,Clear,290,2016-01-19 12:51
8:51 AM,-7.8,-16.7,50,1016.3,16.1,WNW,18.5,37,N/A,,Clear,300,2016-01-19 13:51
9:51 AM,-6.7,-16.7,46,1016.3,16.1,West,24.1,46.3,N/A,,Clear,280,2016-01-19 14:51
10:51 AM,-5,-16.7,40,1016,16.1,North,-9999,-,N/A,,Clear,0,2016-01-19 15:51
11:51 AM,-4.4,-16.7,38,1015.5,16.1,WNW,25.9,46.3,N/A,,Clear,300,2016-01-19 16:51
12:51 PM,-3.9,-16.1,39,1015.2,16.1,WNW,16.7,51.9,N/A,,Partly Cloudy,290,2016-01-19 17:51
1:51 PM,-3.3,-16.1,37,1014.6,16.1,NW,18.5,42.6,N/A,,Clear,310,2016-01-19 18:51
2:51 PM,-2.8,-16.1,36,1015.2,16.1,West,16.7,46.3,N/A,,Clear,280,2016-01-19 19:51
3:51 PM,-2.2,-16.7,33,1015.7,16.1,WNW,14.8,40.7,N/A,,Clear,300,2016-01-19 20:51
4:51 PM,-2.2,-16.7,33,1016.7,16.1,WNW,14.8,40.7,N/A,,Clear,300,2016-01-19 21:51
5:51 PM,-2.2,-16.7,33,1017.4,16.1,North,-9999,-,N/A,,Clear,0,2016-01-19 22:51
6:51 PM,-2.8,-16.7,34,1018.1,16.1,Variable,11.1,35.2,N/A,,Clear,0,2016-01-19 23:51
7:51 PM,-2.8,-15,39,1018.7,16.1,NW,20.4,37,N/A,,Clear,310,2016-01-20 0:51
8:51 PM,-2.8,-13.9,43,1018.6,16.1,NW,18.5,38.9,N/A,,Clear,310,2016-01-20 1:51
9:51 PM,-2.8,-12.8,47,1019,16.1,Variable,5.6,35.2,N/A,,Clear,0,2016-01-20 2:51
10:51 PM,-2.2,-12.2,47,1020.1,16.1,WNW,11.1,-,N/A,,Overcast,290,2016-01-20 3:51
11:51 PM,-2.2,-11.7,49,1020.1,16.1,WNW,13,29.6,N/A,,Overcast,300,2016-01-20 4:51
12:51 AM,-1.7,-11.1,49,1019.9,16.1,North,-9999,-,N/A,,Partly Cloudy,0,2016-01-20 5:51
1:51 AM,-2.2,-11.1,51,1020.4,16.1,West,11.1,-,N/A,,Clear,270,2016-01-20 6:51
2:51 AM,-2.2,-10.6,53,1020.7,16.1,WNW,16.7,-,N/A,,Clear,300,2016-01-20 7:51
3:51 AM,-2.2,-10,56,1021.2,16.1,Variable,7.4,-,N/A,,Clear,0,2016-01-20 8:51
4:51 AM,-2.8,-10,58,1022.3,16.1,Variable,5.6,-,N/A,,Clear,0,2016-01-20 9:51
5:51 AM,-2.2,-9.4,58,1022.4,16.1,Calm,Calm,-,N/A,,Partly Cloudy,0,2016-01-20 10:51
6:51 AM,-2.2,-9.4,58,1022.9,16.1,NW,9.3,-,N/A,,Partly Cloudy,310,2016-01-20 11:51
7:51 AM,-1.7,-9.4,56,1023,16.1,NW,11.1,-,N/A,,Partly Cloudy,310,2016-01-20 12:51
8:51 AM,-1.1,-9.4,54,1023.1,16.1,NW,13,-,N/A,,Clear,320,2016-01-20 13:51
9:51 AM,-0.6,-10,50,1022.6,16.1,WNW,14.8,33.3,N/A,,Clear,300,2016-01-20 14:51
10:51 AM,0.6,-9.4,48,1022.4,16.1,Variable,11.1,31.5,N/A,,Clear,0,2016-01-20 15:51
11:51 AM,1.7,-9.4,44,1021.2,16.1,Variable,11.1,-,N/A,,Clear,0,2016-01-20 16:51
12:51 PM,2.2,-8.9,44,1020.3,16.1,North,-9999,-,N/A,,Clear,0,2016-01-20 17:51
1:51 PM,2.2,-10,41,1019.5,16.1,NW,13,-,N/A,,Clear,310,2016-01-20 18:51
2:51 PM,2.2,-9.4,43,1019.2,16.1,Variable,7.4,-,N/A,,Clear,0,2016-01-20 19:51
3:51 PM,2.2,-10,41,1018.8,16.1,Variable,9.3,-,N/A,,Clear,0,2016-01-20 20:51
4:51 PM,1.7,-10,42,1018.8,16.1,Calm,Calm,-,N/A,,Clear,0,2016-01-20 21:51
5:51 PM,1.1,-9.4,46,1019,16.1,WNW,7.4,-,N/A,,Partly Cloudy,300,2016-01-20 22:51
6:51 PM,1.1,-9.4,46,1018.8,16.1,Variable,9.3,-,N/A,,Mostly Cloudy,0,2016-01-20 23:51
7:51 PM,0.6,-9.4,48,1018.6,16.1,NW,7.4,-,N/A,,Mostly Cloudy,310,2016-01-21 0:51
8:51 PM,0.6,-8.9,50,1018.4,16.1,Variable,5.6,-,N/A,,Overcast,0,2016-01-21 1:51
9:51 PM,0,-9.4,50,1018.6,16.1,Variable,9.3,-,N/A,,Overcast,0,2016-01-21 2:51
10:51 PM,-0.6,-9.4,52,1018.2,16.1,WNW,9.3,-,N/A,,Overcast,290,2016-01-21 3:51
11:51 PM,-0.6,-9.4,52,1018.2,16.1,Variable,5.6,-,N/A,,Mostly Cloudy,0,2016-01-21 4:51
12:51 AM,-1.1,-10,51,1018,16.1,Variable,5.6,-,N/A,,Overcast,0,2016-01-21 5:51
1:51 AM,-1.1,-10,51,1018.1,16.1,North,11.1,-,N/A,,Scattered Clouds,350,2016-01-21 6:51
2:51 AM,-1.7,-10.6,51,1018.2,16.1,North,9.3,-,N/A,,Scattered Clouds,360,2016-01-21 7:51
3:51 AM,-2.2,-10.6,53,1018.1,16.1,NW,9.3,-,N/A,,Overcast,310,2016-01-21 8:51
4:51 AM,-2.8,-11.1,53,1018.5,16.1,WNW,13,-,N/A,,Clear,300,2016-01-21 9:51
5:51 AM,-2.8,-11.1,53,1019.1,16.1,Variable,7.4,-,N/A,,Clear,0,2016-01-21 10:51
6:51 AM,-2.8,-10.6,56,1020.2,16.1,Variable,11.1,-,N/A,,Clear,0,2016-01-21 11:51
7:51 AM,-2.8,-10.6,56,1020.5,16.1,Calm,Calm,-,N/A,,Clear,0,2016-01-21 12:51
8:51 AM,-2.2,-10.6,53,1020.8,16.1,WNW,13,-,N/A,,Clear,300,2016-01-21 13:51
9:51 AM,-1.1,-11.7,45,1021.1,16.1,Variable,5.6,27.8,N/A,,Clear,0,2016-01-21 14:51
10:51 AM,0,-11.7,42,1021.4,16.1,Variable,7.4,35.2,N/A,,Clear,0,2016-01-21 15:51
11:51 AM,0.6,-11.7,40,1021.4,16.1,West,14.8,-,N/A,,Clear,280,2016-01-21 16:51
12:51 PM,1.7,-11.7,37,1020.2,16.1,Variable,9.3,25.9,N/A,,Clear,0,2016-01-21 17:51
1:51 PM,1.7,-12.2,35,1019.5,16.1,Variable,9.3,27.8,N/A,,Clear,0,2016-01-21 18:51
2:51 PM,1.7,-12.2,35,1019.8,16.1,NW,14.8,-,N/A,,Clear,310,2016-01-21 19:51
3:51 PM,1.1,-11.1,40,1020.3,16.1,Variable,5.6,-,N/A,,Partly Cloudy,0,2016-01-21 20:51
4:51 PM,0,-12.2,40,1021.2,16.1,NW,13,35.2,N/A,,Clear,310,2016-01-21 21:51
5:51 PM,-0.6,-12.2,42,1021.8,16.1,North,-9999,-,N/A,,Clear,0,2016-01-21 22:51
6:51 PM,-0.6,-11.1,46,1022.5,16.1,NW,16.7,-,N/A,,Clear,310,2016-01-21 23:51
7:51 PM,-1.1,-11.1,47,1022.8,16.1,Variable,9.3,-,N/A,,Clear,0,2016-01-22 0:51
8:51 PM,-1.7,-12.2,45,1023.2,16.1,WNW,14.8,27.8,N/A,,Clear,300,2016-01-22 1:51
9:51 PM,-2.2,-12.8,45,1023.2,16.1,Variable,7.4,-,N/A,,Clear,0,2016-01-22 2:51
10:51 PM,-2.8,-13.9,43,1023.6,16.1,Variable,9.3,25.9,N/A,,Clear,0,2016-01-22 3:51
11:51 PM,-3.3,-15,41,1024.2,16.1,Variable,7.4,-,N/A,,Clear,0,2016-01-22 4:51
12:51 AM,-4.4,-16.1,40,1023.9,16.1,Calm,Calm,-,N/A,,Clear,0,2016-01-22 5:51
1:51 AM,-5,-15.6,44,1023.9,16.1,Variable,5.6,-,N/A,,Clear,0,2016-01-22 6:51
2:51 AM,-5.6,-15.6,46,1023.8,16.1,North,14.8,-,N/A,,Clear,350,2016-01-22 7:51
3:51 AM,-5.6,-15.6,46,1024.1,16.1,WNW,7.4,-,N/A,,Clear,300,2016-01-22 8:51
4:51 AM,-6.1,-15,50,1024.4,16.1,Calm,Calm,-,N/A,,Clear,0,2016-01-22 9:51
5:51 AM,-5.6,-15,48,1025.4,16.1,Variable,11.1,-,N/A,,Clear,0,2016-01-22 10:51
6:51 AM,-6.1,-15.6,48,1025.9,16.1,North,22.2,29.6,N/A,,Clear,10,2016-01-22 11:51
7:51 AM,-5.6,-15.6,46,1025.5,16.1,Variable,9.3,-,N/A,,Clear,0,2016-01-22 12:51
8:51 AM,-5,-15.6,44,1025.7,16.1,NNE,14.8,31.5,N/A,,Clear,30,2016-01-22 13:51
9:51 AM,-3.9,-15.6,41,1025.9,16.1,Variable,7.4,-,N/A,,Clear,0,2016-01-22 14:51
10:51 AM,-3.3,-15.6,39,1025.2,16.1,NE,16.7,27.8,N/A,,Clear,50,2016-01-22 15:51
11:51 AM,-2.2,-15.6,36,1024.1,16.1,Variable,9.3,27.8,N/A,,Clear,0,2016-01-22 16:51
12:51 PM,-1.7,-15,36,1023.1,16.1,NE,18.5,-,N/A,,Clear,50,2016-01-22 17:51
1:51 PM,-1.7,-15.6,35,1022.6,16.1,Calm,Calm,-,N/A,,Clear,0,2016-01-22 18:51
2:51 PM,-1.7,-15.6,35,1021.9,16.1,Variable,11.1,-,N/A,,Clear,0,2016-01-22 19:51
3:51 PM,-1.7,-15.6,35,1021.7,16.1,Variable,11.1,-,N/A,,Mostly Cloudy,0,2016-01-22 20:51
4:51 PM,-1.7,-15,36,1021.6,16.1,Variable,9.3,-,N/A,,Mostly Cloudy,0,2016-01-22 21:51
5:51 PM,-1.7,-15,36,1021.6,16.1,Variable,5.6,-,N/A,,Mostly Cloudy,0,2016-01-22 22:51
6:51 PM,-2.2,-15,38,1021.9,16.1,NNE,11.1,-,N/A,,Overcast,20,2016-01-22 23:51
7:51 PM,-2.2,-15,38,1021.4,16.1,NNE,14.8,-,N/A,,Overcast,30,2016-01-23 0:51
8:51 PM,-2.2,-14.4,39,1020.8,16.1,Variable,11.1,-,N/A,,Overcast,0,2016-01-23 1:51
9:51 PM,-1.7,-13.9,40,1020.8,16.1,Variable,9.3,-,N/A,,Overcast,0,2016-01-23 2:51
10:39 PM,-2.8,-10.6,56,1020.5,4.8,Variable,11.1,-,0,Snow,Light Snow,0,2016-01-23 3:39
10:51 PM,-2.8,-10,58,1019.8,4.8,ENE,13,-,0,Snow,Light Snow,60,2016-01-23 3:51
11:03 PM,-2.8,-10,58,1020.5,4,ENE,14.8,-,0,Snow,Light Snow,60,2016-01-23 4:03
11:24 PM,-3.3,-8.9,66,1020.2,2.4,ENE,14.8,-,0,Snow,Light Snow,60,2016-01-23 4:24
11:51 PM,-3.3,-7.8,71,1019.3,2,ENE,16.7,-,0.01,Snow,Light Snow,70,2016-01-23 4:51
12:19 AM,-3.9,-7.2,78,1019.2,1.2,ENE,13,-,0,Snow,Light Snow,60,2016-01-23 5:19
12:47 AM,-4,-7,80,1018.5,0.8,NE,20.4,-,0.02,Snow,Snow,50,2016-01-23 5:47
12:51 AM,-3.9,-6.7,81,1017.5,0.8,NE,18.5,-,0.03,Snow,Snow,50,2016-01-23 5:51
1:51 AM,-4.4,-6.7,84,1015.8,0.8,NE,18.5,33.3,0.06,Fog-Snow,Snow,50,2016-01-23 6:51
2:38 AM,-3.9,-7.2,78,1014.8,1.2,ENE,27.8,42.6,0.04,Snow,Light Snow,60,2016-01-23 7:38
2:51 AM,-3.9,-7.8,75,1013.6,2.4,NE,25.9,37,0.04,Snow,Light Snow,50,2016-01-23 7:51
3:35 AM,-4.4,-7.2,81,1013.1,1.2,ENE,31.5,44.4,0.01,Snow,Light Snow,60,2016-01-23 8:35
3:51 AM,-4.4,-7.2,81,1012.8,0.8,ENE,22.2,38.9,0.02,Snow,Snow,60,2016-01-23 8:51
4:13 AM,-4.4,-7.2,81,1013.1,0.4,NE,18.5,40.7,0.03,Snow,Heavy Snow,50,2016-01-23 9:13
4:30 AM,-4.4,-7.2,81,1012.4,0.8,ENE,27.8,44.4,0.05,Snow,Snow,60,2016-01-23 9:30
4:51 AM,-4.4,-6.7,84,1011.1,0.4,NE,16.7,40.7,0.08,Fog-Snow,Snow,50,2016-01-23 9:51
5:22 AM,-4.4,-6.1,88,1010.4,0.4,NE,27.8,44.4,0.06,Fog-Snow,Snow,50,2016-01-23 10:22
5:30 AM,-4.4,-6.7,84,1010.4,0.4,NE,29.6,53.7,0.08,Fog-Snow,Snow,50,2016-01-23 10:30
5:51 AM,-4.4,-6.1,88,1010.1,0.4,ENE,27.8,46.3,0.11,Fog-Snow,Snow,60,2016-01-23 10:51
6:39 AM,-3.9,-5.6,88,1010,0.4,ENE,25.9,51.9,0.11,Fog-Snow,Snow,60,2016-01-23 11:39
6:51 AM,-3.9,-6.1,85,1009,0.4,NE,33.3,55.6,0.15,Fog-Snow,Snow,50,2016-01-23 11:51
7:29 AM,-3.9,-5.6,88,1008.4,0.4,ENE,31.5,53.7,0.08,Fog-Snow,Snow,70,2016-01-23 12:29
7:51 AM,-3.9,-5.6,88,1008,0.4,ENE,29.6,42.6,0.14,Fog-Snow,Heavy Snow,60,2016-01-23 12:51
8:51 AM,-3.3,-5.6,84,1006.7,0.4,NE,35.2,63,0.17,Fog-Snow,Heavy Snow,50,2016-01-23 13:51
9:51 AM,-2.8,-5,85,1005.8,0.4,NE,37,68.5,0.19,Fog-Snow,Snow,50,2016-01-23 14:51
10:26 AM,-2.8,-5,85,1006,0.8,NE,27.8,48.2,0.06,Fog-Snow,Light Snow,50,2016-01-23 15:26
10:51 AM,-2.8,-5,85,1004.7,0.4,NE,25.9,53.7,0.1,Fog-Snow,Snow,50,2016-01-23 15:51
11:02 AM,-2.8,-4.4,89,1005,0.4,NE,29.6,46.3,0.02,Fog-Snow,Snow,50,2016-01-23 16:02
11:38 AM,-2.8,-4.4,89,1004.3,0.4,NE,22.2,50,0.12,Fog-Snow,Snow,50,2016-01-23 16:38
11:51 AM,-2.8,-4.4,89,1003.3,0.4,ENE,29.6,51.9,0.16,Fog-Snow,Snow,60,2016-01-23 16:51
12:40 PM,-2.8,-5,85,1002.9,0.4,NE,29.6,57.4,0.16,Fog-Snow,Snow,40,2016-01-23 17:40
12:51 PM,-2.8,-5,85,1002.4,0.4,NE,37,59.3,0.19,Fog-Snow,Snow,50,2016-01-23 17:51
1:51 PM,-2.8,-5,85,1003.2,0.4,NE,24.1,48.2,0.13,Fog-Snow,Snow,40,2016-01-23 18:51
2:51 PM,-2.8,-5,85,1003.4,0.4,NE,24.1,53.7,0.15,Fog-Snow,Snow,40,2016-01-23 19:51
3:19 PM,-2.8,-5,85,1003.9,0.4,NE,20.4,50,0.08,Fog-Snow,Heavy Snow,40,2016-01-23 20:19
3:51 PM,-2.8,-5,85,1003.5,0.4,NNE,29.6,55.6,0.15,Fog-Snow,Snow,30,2016-01-23 20:51
4:24 PM,-2.8,-5,85,1004.3,0.4,NE,22.2,48.2,0.06,Fog-Snow,Heavy Snow,40,2016-01-23 21:24
4:51 PM,-2.8,-5,85,1003.8,0.4,NNE,31.5,53.7,0.14,Fog-Snow,Heavy Snow,30,2016-01-23 21:51
5:34 PM,-2.8,-5,85,1005,0.4,NNE,22.2,59.3,0.07,Fog-Snow,Snow,30,2016-01-23 22:34
5:51 PM,-2.8,-5,85,1004.6,0.4,NNE,22.2,51.9,0.1,Fog-Snow,Heavy Snow,30,2016-01-23 22:51
6:51 PM,-3.3,-5.6,84,1005.1,0.8,NNE,18.5,40.7,0.07,Fog,Light Freezing Fog,20,2016-01-23 23:51
7:51 PM,-3.9,-6.1,85,1005.3,0.4,North,13,38.9,0.07,Fog-Snow,Heavy Snow,350,2016-01-24 0:51
8:51 PM,-4.4,-6.7,84,1005.3,0.8,North,31.5,48.2,0.05,Fog-Snow,Snow,10,2016-01-24 1:51
9:14 PM,-3.9,-6.7,81,1006,1.6,NNE,20.4,35.2,0.01,Snow,Light Snow,20,2016-01-24 2:14
9:35 PM,-3.9,-7.2,78,1006,3.2,North,16.7,40.7,0.01,Snow,Light Snow,10,2016-01-24 2:35
9:51 PM,-3.3,-7.8,71,1005.4,3.2,North,18.5,31.5,0.01,Snow,Light Snow,360,2016-01-24 2:51
10:01 PM,-3.3,-8.3,69,1006,4,North,22.2,40.7,0,Snow,Light Snow,10,2016-01-24 3:01
10:34 PM,-2.8,-8.3,66,1006,4.8,NNE,20.4,38.9,0,Snow,Light Snow,20,2016-01-24 3:34
10:51 PM,-2.8,-9.4,61,1005.7,8,NNE,18.5,37,0,Snow,Light Snow,30,2016-01-24 3:51
11:51 PM,-2.8,-8.3,66,1006.4,6.4,Variable,7.4,35.2,0,Snow,Light Snow,0,2016-01-24 4:51
12:37 AM,-3.3,-8.3,69,1007.7,4,North,18.5,35.2,0,Snow,Light Snow,10,2016-01-24 5:37
12:51 AM,-3.3,-8.9,66,1007.1,6.4,North,13,33.3,0,Snow,Light Snow,10,2016-01-24 5:51
1:04 AM,-2.8,-10,58,1008,8,North,22.2,37,0,,Haze,10,2016-01-24 6:04
1:19 AM,-3.3,-9.4,63,1008,4,Variable,9.3,44.4,0,Snow,Light Snow,0,2016-01-24 6:19
1:39 AM,-3.3,-10,60,1008.4,6.4,North,-9999,-,0,Snow,Light Snow,0,2016-01-24 6:39
1:51 AM,-3.3,-11.1,55,1007.9,8,NNE,20.4,42.6,0,,Haze,20,2016-01-24 6:51
2:51 AM,-3.3,-13.3,47,1008.6,16.1,Variable,9.3,37,0,,Mostly Cloudy,0,2016-01-24 7:51
3:51 AM,-4.4,-13.3,51,1009,16.1,North,13,27.8,N/A,,Clear,350,2016-01-24 8:51
4:51 AM,-5.6,-13.3,55,1009.7,16.1,North,13,-,N/A,,Clear,360,2016-01-24 9:51
5:51 AM,-5.6,-13.9,53,1010.2,16.1,Variable,5.6,27.8,N/A,,Clear,0,2016-01-24 10:51
6:51 AM,-5.6,-13.9,53,1011.8,16.1,North,14.8,-,N/A,,Clear,350,2016-01-24 11:51
6:59 AM,-5.6,-14.4,51,1012.8,16.1,NNW,13,31.5,N/A,,Partly Cloudy,340,2016-01-24 11:59
7:51 AM,-6.7,-13.9,57,1012.9,14.5,NW,13,-,N/A,,Clear,310,2016-01-24 12:51
8:51 AM,-6.7,-13.9,57,1014.2,14.5,Variable,9.3,-,N/A,,Clear,0,2016-01-24 13:51
9:51 AM,-6.1,-13.3,57,1014.5,12.9,Variable,9.3,-,N/A,,Clear,0,2016-01-24 14:51
10:51 AM,-4.4,-13.3,51,1014.6,12.9,Variable,7.4,-,N/A,,Clear,0,2016-01-24 15:51
11:51 AM,-2.8,-12.8,47,1014.5,12.9,WNW,11.1,-,N/A,,Clear,300,2016-01-24 16:51
12:51 PM,-1.1,-13.3,40,1014,16.1,WNW,14.8,-,N/A,,Clear,300,2016-01-24 17:51
1:51 PM,0,-12.2,40,1013.9,16.1,NW,13,-,N/A,,Clear,310,2016-01-24 18:51
2:51 PM,0.6,-11.1,42,1014.4,16.1,WNW,5.6,-,N/A,,Clear,290,2016-01-24 19:51
3:51 PM,1.7,-11.1,39,1014.9,16.1,WNW,9.3,-,N/A,,Clear,300,2016-01-24 20:51
4:51 PM,1.7,-11.1,39,1015.5,16.1,Calm,Calm,-,N/A,,Partly Cloudy,0,2016-01-24 21:51
5:51 PM,1.7,-11.1,39,1016.3,16.1,WNW,5.6,-,N/A,,Mostly Cloudy,290,2016-01-24 22:51
6:51 PM,0.6,-11.7,40,1016.9,16.1,Variable,7.4,-,N/A,,Partly Cloudy,0,2016-01-24 23:51
7:51 PM,0,-11.7,42,1017.5,16.1,WNW,5.6,-,N/A,,Clear,300,2016-01-25 0:51
8:51 PM,0,-11.1,44,1018.4,16.1,NW,9.3,-,N/A,,Mostly Cloudy,310,2016-01-25 1:51
9:51 PM,0,-10.6,45,1018.6,16.1,WNW,9.3,-,N/A,,Partly Cloudy,300,2016-01-25 2:51
10:51 PM,0,-11.1,44,1019.1,16.1,Calm,Calm,-,N/A,,Mostly Cloudy,0,2016-01-25 3:51
11:51 PM,-0.6,-10.6,47,1019.3,16.1,Variable,5.6,-,N/A,,Mostly Cloudy,0,2016-01-25 4:51
12:51 AM,-0.6,-10,50,1019.8,16.1,WNW,5.6,-,N/A,,Overcast,290,2016-01-25 5:51
1:51 AM,-0.6,-10,50,1020.5,16.1,Calm,Calm,-,N/A,,Mostly Cloudy,0,2016-01-25 6:51
2:51 AM,-1.1,-10,51,1020.8,16.1,West,7.4,-,N/A,,Clear,280,2016-01-25 7:51
3:51 AM,-1.1,-9.4,54,1021.4,16.1,WNW,5.6,-,N/A,,Clear,290,2016-01-25 8:51
4:51 AM,-1.1,-10,51,1022,16.1,NW,5.6,-,N/A,,Overcast,310,2016-01-25 9:51
5:51 AM,-1.7,-9.4,56,1022.7,16.1,NNW,7.4,-,N/A,,Clear,330,2016-01-25 10:51
6:51 AM,-1.7,-10,54,1023.8,16.1,NNE,11.1,-,N/A,,Clear,30,2016-01-25 11:51
7:51 AM,-1.7,-8.9,58,1024.4,14.5,NE,5.6,-,N/A,,Clear,40,2016-01-25 12:51
8:51 AM,-0.6,-8.9,54,1024.9,16.1,Calm,Calm,-,N/A,,Clear,0,2016-01-25 13:51
9:51 AM,0,-8.3,54,1025.9,16.1,Calm,Calm,-,N/A,,Clear,0,2016-01-25 14:51
10:51 AM,1.7,-7.8,50,1026,14.5,Variable,5.6,-,N/A,,Mostly Cloudy,0,2016-01-25 15:51
11:51 AM,1.7,-7.2,52,1026.2,14.5,Calm,Calm,-,N/A,,Overcast,0,2016-01-25 16:51
12:51 PM,1.7,-6.7,54,1025.6,12.9,WNW,5.6,-,N/A,,Overcast,300,2016-01-25 17:51
1:51 PM,2.8,-6.7,50,1025.3,12.9,WNW,9.3,-,N/A,,Partly Cloudy,290,2016-01-25 18:51
2:51 PM,3.3,-6.7,48,1025.1,12.9,Calm,Calm,-,N/A,,Clear,0,2016-01-25 19:51
3:51 PM,2.8,-8.3,44,1025.2,16.1,WSW,7.4,-,N/A,,Clear,250,2016-01-25 20:51
4:51 PM,2.2,-6.7,52,1025.2,14.5,Variable,5.6,-,N/A,,Clear,0,2016-01-25 21:51
5:51 PM,1.7,-5.6,59,1025.4,16.1,SSE,9.3,-,N/A,,Clear,160,2016-01-25 22:51
6:51 PM,2.2,-4.4,62,1026,16.1,South,9.3,-,N/A,,Clear,180,2016-01-25 23:51
7:51 PM,2.2,-5.6,57,1025.7,16.1,Variable,11.1,-,N/A,,Clear,0,2016-01-26 0:51
8:51 PM,2.2,-6.7,52,1025.3,16.1,Calm,Calm,-,N/A,,Clear,0,2016-01-26 1:51
9:51 PM,2.2,-7.8,48,1024.8,16.1,Variable,5.6,-,N/A,,Clear,0,2016-01-26 2:51
10:51 PM,3.3,-5.6,53,1024.2,16.1,Variable,5.6,-,N/A,,Clear,0,2016-01-26 3:51
11:51 PM,3.9,-2.8,62,1023.1,16.1,South,9.3,-,N/A,,Clear,180,2016-01-26 4:51
12:51 AM,4.4,-2.8,60,1022.4,16.1,Calm,Calm,-,N/A,,Clear,0,2016-01-26 5:51
1:51 AM,3.9,-2.8,62,1022.4,16.1,WSW,7.4,-,N/A,,Clear,250,2016-01-26 6:51
2:51 AM,3.9,-3.3,60,1021.1,16.1,North,-9999,-,N/A,,Clear,0,2016-01-26 7:51
3:51 AM,3.9,-3.9,57,1020.5,16.1,Variable,5.6,-,N/A,,Clear,0,2016-01-26 8:51
4:51 AM,3.9,-3.9,57,1020.2,16.1,WSW,9.3,-,N/A,,Clear,250,2016-01-26 9:51
5:51 AM,4.4,-3.9,55,1019.5,16.1,SW,5.6,-,N/A,,Clear,230,2016-01-26 10:51
6:51 AM,3.9,-3.3,60,1019.2,16.1,Variable,11.1,-,N/A,,Clear,0,2016-01-26 11:51
7:51 AM,5,-2.8,57,1018.4,16.1,Variable,7.4,-,N/A,,Clear,0,2016-01-26 12:51
8:51 AM,5,-1.7,62,1019,16.1,Variable,9.3,25.9,N/A,,Clear,0,2016-01-26 13:51
9:51 AM,5.6,-1.1,62,1018.2,16.1,WSW,14.8,46.3,N/A,,Overcast,240,2016-01-26 14:51
10:51 AM,6.1,-1.1,60,1017.6,16.1,West,14.8,33.3,N/A,,Mostly Cloudy,260,2016-01-26 15:51
11:51 AM,5.6,-1.1,62,1016.3,14.5,WSW,14.8,27.8,N/A,,Mostly Cloudy,250,2016-01-26 16:51
12:51 PM,6.7,-1.1,58,1014.7,14.5,Variable,11.1,27.8,N/A,,Clear,0,2016-01-26 17:51
1:51 PM,7.2,-1.1,56,1013.9,14.5,Variable,11.1,27.8,N/A,,Clear,0,2016-01-26 18:51
2:51 PM,8.3,-1.1,52,1013.2,14.5,WSW,16.7,25.9,N/A,,Clear,250,2016-01-26 19:51
3:51 PM,8.9,-1.1,50,1013.4,16.1,North,-9999,-,N/A,,Clear,0,2016-01-26 20:51
4:51 PM,8.3,-1.1,52,1013.3,16.1,WSW,13,-,N/A,,Partly Cloudy,240,2016-01-26 21:51
5:51 PM,8.3,-1.1,52,1013.8,16.1,SW,16.7,35.2,N/A,,Clear,220,2016-01-26 22:51
6:51 PM,7.8,-1.1,54,1014.2,16.1,Variable,9.3,-,N/A,,Clear,0,2016-01-26 23:51
7:51 PM,8.3,-1.1,52,1014.2,16.1,North,-9999,-,N/A,,Mostly Cloudy,0,2016-01-27 0:51
8:51 PM,8.3,-1.1,52,1014.2,16.1,WSW,13,-,N/A,,Clear,240,2016-01-27 1:51
9:51 PM,8.3,-1.1,52,1013.7,16.1,WSW,11.1,-,N/A,,Mostly Cloudy,250,2016-01-27 2:51
10:51 PM,8.3,-1.1,52,1013.7,16.1,WSW,13,-,N/A,,Partly Cloudy,250,2016-01-27 3:51
11:51 PM,8.3,-1.1,52,1013.8,16.1,Variable,5.6,-,N/A,,Scattered Clouds,0,2016-01-27 4:51
12:51 AM,7.8,-1.1,54,1013.3,16.1,Variable,7.4,-,N/A,,Mostly Cloudy,0,2016-01-27 5:51
1:51 AM,7.8,-1.1,54,1013,16.1,North,-9999,-,N/A,,Overcast,0,2016-01-27 6:51
2:51 AM,7.2,-0.6,58,1013.4,16.1,Variable,9.3,-,N/A,,Overcast,0,2016-01-27 7:51
3:51 AM,7.2,0,60,1013.3,12.9,West,7.4,-,0,Rain,Light Rain,260,2016-01-27 8:51
4:51 AM,6.7,-1.1,58,1013.6,16.1,Variable,7.4,-,0,,Overcast,0,2016-01-27 9:51
5:51 AM,6.1,-1.7,58,1014.4,16.1,Calm,Calm,-,N/A,,Overcast,0,2016-01-27 10:51
6:51 AM,6.1,-2.8,53,1015.3,16.1,Variable,9.3,-,N/A,,Overcast,0,2016-01-27 11:51
7:51 AM,5.6,-3.3,53,1016.5,16.1,WNW,16.7,-,N/A,,Mostly Cloudy,290,2016-01-27 12:51
8:51 AM,5,-3.9,53,1017.4,16.1,Variable,7.4,-,N/A,,Mostly Cloudy,0,2016-01-27 13:51
9:51 AM,4.4,-5.6,49,1017.6,16.1,NW,16.7,31.5,N/A,,Mostly Cloudy,310,2016-01-27 14:51
10:51 AM,5,-7.2,41,1017.8,16.1,WNW,18.5,29.6,N/A,,Clear,290,2016-01-27 15:51
11:51 AM,6.1,-6.7,40,1017.4,16.1,West,14.8,-,N/A,,Clear,280,2016-01-27 16:51
12:51 PM,6.7,-8.3,34,1016.8,16.1,NW,16.7,40.7,N/A,,Clear,310,2016-01-27 17:51
1:51 PM,6.7,-8.3,34,1016.6,16.1,NW,14.8,-,N/A,,Clear,310,2016-01-27 18:51
2:51 PM,6.7,-8.3,34,1017,16.1,WNW,9.3,29.6,N/A,,Partly Cloudy,300,2016-01-27 19:51
3:51 PM,6.7,-8.9,32,1017.8,16.1,NW,18.5,27.8,N/A,,Clear,310,2016-01-27 20:51
4:51 PM,5.6,-7.8,38,1018.4,16.1,NW,16.7,25.9,N/A,,Clear,310,2016-01-27 21:51
5:51 PM,5,-7.2,41,1019.2,16.1,NW,7.4,-,N/A,,Mostly Cloudy,310,2016-01-27 22:51
6:51 PM,5,-7.8,40,1019,16.1,WNW,13,-,N/A,,Partly Cloudy,300,2016-01-27 23:51
7:51 PM,3.9,-6.7,46,1019.4,16.1,Calm,Calm,-,N/A,,Clear,0,2016-01-28 0:51
8:51 PM,2.8,-6.7,50,1019.2,16.1,Variable,5.6,-,N/A,,Clear,0,2016-01-28 1:51
9:51 PM,2.8,-6.7,50,1019.2,16.1,North,9.3,-,N/A,,Clear,350,2016-01-28 2:51
10:51 PM,1.7,-7.2,52,1020,16.1,NE,11.1,-,N/A,,Clear,40,2016-01-28 3:51
11:51 PM,1.7,-7.8,50,1020.1,16.1,North,7.4,-,N/A,,Clear,10,2016-01-28 4:51
12:51 AM,1.1,-7.2,54,1020.2,16.1,Calm,Calm,-,N/A,,Clear,0,2016-01-28 5:51
1:51 AM,1.1,-8.9,48,1019.5,16.1,NNE,5.6,-,N/A,,Clear,20,2016-01-28 6:51
2:51 AM,0.6,-7.8,54,1019.2,16.1,SSE,5.6,-,N/A,,Clear,150,2016-01-28 7:51
3:51 AM,0.6,-8.3,52,1018.3,16.1,Calm,Calm,-,N/A,,Clear,0,2016-01-28 8:51
4:51 AM,0.6,-8.9,50,1017.4,16.1,South,9.3,-,N/A,,Clear,190,2016-01-28 9:51
5:51 AM,1.1,-8.9,48,1017,16.1,Calm,Calm,-,N/A,,Clear,0,2016-01-28 10:51
6:51 AM,1.1,-7.2,54,1017,16.1,South,5.6,-,N/A,,Clear,180,2016-01-28 11:51
7:51 AM,0.6,-5,66,1016.6,16.1,Calm,Calm,-,N/A,,Clear,0,2016-01-28 12:51
8:51 AM,2.2,-5,59,1015.8,16.1,Calm,Calm,-,N/A,,Clear,0,2016-01-28 13:51
9:51 AM,2.2,-5,59,1015.5,16.1,Variable,5.6,-,N/A,,Clear,0,2016-01-28 14:51
10:51 AM,3.9,-5,53,1015,16.1,WSW,14.8,29.6,N/A,,Clear,240,2016-01-28 15:51
11:51 AM,4.4,-6.1,47,1013.4,16.1,Variable,11.1,-,N/A,,Clear,0,2016-01-28 16:51
12:51 PM,5,-7.8,40,1012.1,16.1,West,16.7,25.9,N/A,,Clear,260,2016-01-28 17:51
1:51 PM,5,-7.8,40,1010.9,16.1,West,22.2,-,N/A,,Clear,260,2016-01-28 18:51
2:51 PM,5.6,-6.7,41,1010.1,16.1,WSW,18.5,27.8,N/A,,Clear,250,2016-01-28 19:51
3:51 PM,5,-7.2,41,1009.3,16.1,North,-9999,-,N/A,,Clear,0,2016-01-28 20:51
4:51 PM,4.4,-7.2,43,1008.5,16.1,Variable,9.3,-,N/A,,Clear,0,2016-01-28 21:51
5:51 PM,4.4,-7.2,43,1008.3,16.1,Variable,7.4,-,N/A,,Clear,0,2016-01-28 22:51
6:51 PM,5,-6.7,43,1008.1,16.1,West,9.3,-,N/A,,Overcast,260,2016-01-28 23:51
7:51 PM,4.4,-6.7,45,1007.2,16.1,Variable,5.6,-,N/A,,Clear,0,2016-01-29 0:51
8:51 PM,4.4,-6.1,47,1006.6,16.1,Variable,7.4,-,N/A,,Mostly Cloudy,0,2016-01-29 1:51
9:51 PM,3.9,-6.1,49,1005.3,16.1,Calm,Calm,-,N/A,,Scattered Clouds,0,2016-01-29 2:51
10:51 PM,3.9,-5.6,50,1004.9,16.1,Variable,5.6,-,N/A,,Overcast,0,2016-01-29 3:51
11:51 PM,4.4,-5.6,49,1004.8,16.1,WSW,5.6,-,N/A,,Mostly Cloudy,250,2016-01-29 4:51
12:51 AM,3.9,-6.1,49,1003.1,16.1,Variable,7.4,-,N/A,,Overcast,0,2016-01-29 5:51
1:51 AM,3.3,-5.6,53,1001.5,16.1,Variable,5.6,-,N/A,,Scattered Clouds,0,2016-01-29 6:51
2:51 AM,3.3,-5.6,53,1001.4,16.1,North,-9999,-,N/A,,Clear,0,2016-01-29 7:51
3:51 AM,2.8,-5.6,54,1000,16.1,Calm,Calm,-,N/A,,Clear,0,2016-01-29 8:51
4:51 AM,2.8,-5.6,54,998.9,16.1,West,11.1,-,N/A,,Overcast,280,2016-01-29 9:51
5:51 AM,2.8,-6.1,52,999.2,16.1,West,7.4,-,N/A,,Mostly Cloudy,280,2016-01-29 10:51
6:51 AM,1.7,-6.1,57,998.4,16.1,West,7.4,-,N/A,,Clear,270,2016-01-29 11:51
7:51 AM,1.7,-5.6,59,997.9,12.9,WNW,11.1,-,N/A,,Clear,290,2016-01-29 12:51
8:51 AM,2.8,-5.6,54,997.9,12.9,Variable,9.3,-,N/A,,Mostly Cloudy,0,2016-01-29 13:51
9:51 AM,3.3,-5.6,53,998,12.9,Variable,7.4,-,N/A,,Overcast,0,2016-01-29 14:51
10:51 AM,3.3,-5,55,998.1,11.3,West,14.8,-,N/A,,Overcast,280,2016-01-29 15:51
11:51 AM,4.4,-4.4,53,997.6,12.9,West,18.5,25.9,N/A,,Scattered Clouds,270,2016-01-29 16:51
12:51 PM,4.4,-3.3,58,997.5,16.1,Variable,11.1,29.6,N/A,,Overcast,0,2016-01-29 17:51
1:51 PM,4.4,-4.4,53,998,16.1,WNW,16.7,37,N/A,,Overcast,300,2016-01-29 18:51
2:51 PM,4.4,-4.4,53,998.6,16.1,Variable,7.4,29.6,N/A,,Overcast,0,2016-01-29 19:51
3:51 PM,4.4,-4.4,53,999.9,16.1,NW,18.5,33.3,N/A,,Mostly Cloudy,310,2016-01-29 20:51
4:51 PM,3.9,-7.2,45,1001.5,16.1,NW,22.2,38.9,N/A,,Overcast,310,2016-01-29 21:51
5:51 PM,3.3,-8.9,41,1003.2,16.1,NW,22.2,40.7,N/A,,Overcast,320,2016-01-29 22:51
6:51 PM,2.2,-7.8,48,1004.4,16.1,NW,13,42.6,N/A,,Partly Cloudy,320,2016-01-29 23:51
7:51 PM,1.7,-7.8,50,1005.9,16.1,NW,16.7,31.5,N/A,,Partly Cloudy,310,2016-01-30 0:51
8:51 PM,1.1,-7.8,52,1006.9,16.1,NW,20.4,40.7,N/A,,Clear,310,2016-01-30 1:51
9:51 PM,0.6,-8.9,50,1008.6,16.1,NW,16.7,33.3,N/A,,Clear,310,2016-01-30 2:51
10:51 PM,0,-9.4,50,1009.7,16.1,NW,13,27.8,N/A,,Clear,310,2016-01-30 3:51
11:51 PM,-0.6,-9.4,52,1010.2,16.1,WNW,14.8,-,N/A,,Clear,290,2016-01-30 4:51
12:51 AM,-1.7,-10,54,1011.3,16.1,NW,18.5,31.5,N/A,,Clear,310,2016-01-30 5:51
1:51 AM,-2.2,-10,56,1012.6,16.1,Variable,11.1,-,N/A,,Clear,0,2016-01-30 6:51
2:51 AM,-2.2,-10,56,1014,16.1,Variable,7.4,-,N/A,,Clear,0,2016-01-30 7:51
3:51 AM,-2.2,-10,56,1014.8,16.1,WNW,18.5,-,N/A,,Clear,290,2016-01-30 8:51
4:51 AM,-2.2,-9.4,58,1015.7,16.1,WNW,13,-,N/A,,Clear,290,2016-01-30 9:51
5:51 AM,-2.2,-9.4,58,1016.8,16.1,Variable,9.3,-,N/A,,Clear,0,2016-01-30 10:51
6:51 AM,-2.2,-8.9,61,1017.8,16.1,Calm,Calm,-,N/A,,Clear,0,2016-01-30 11:51
7:51 AM,-1.7,-8.9,58,1018.5,16.1,West,9.3,-,N/A,,Clear,270,2016-01-30 12:51
8:51 AM,-1.1,-8.9,56,1018.4,16.1,Variable,11.1,-,N/A,,Clear,0,2016-01-30 13:51
9:51 AM,-0.6,-8.9,54,1018.2,16.1,Variable,5.6,-,N/A,,Clear,0,2016-01-30 14:51
10:51 AM,0.6,-8.9,50,1018.3,16.1,Variable,5.6,-,N/A,,Partly Cloudy,0,2016-01-30 15:51
11:51 AM,1.7,-8.3,48,1018.1,16.1,West,7.4,-,N/A,,Clear,260,2016-01-30 16:51
12:51 PM,2.2,-8.3,46,1017.3,16.1,WSW,9.3,-,N/A,,Clear,240,2016-01-30 17:51
1:51 PM,2.8,-8.3,44,1016.7,16.1,West,7.4,-,N/A,,Clear,260,2016-01-30 18:51
2:51 PM,3.9,-8.3,41,1016.4,16.1,Variable,9.3,29.6,N/A,,Clear,0,2016-01-30 19:51
3:51 PM,3.9,-8.3,41,1015.9,16.1,WSW,11.1,-,N/A,,Clear,240,2016-01-30 20:51
4:51 PM,3.3,-8.9,41,1015.7,16.1,Variable,7.4,-,N/A,,Clear,0,2016-01-30 21:51
5:51 PM,3.9,-10,36,1016.1,16.1,Variable,5.6,-,N/A,,Clear,0,2016-01-30 22:51
6:51 PM,3.9,-9.4,38,1016.4,16.1,WSW,20.4,31.5,N/A,,Clear,250,2016-01-30 23:51
7:51 PM,3.9,-8.9,39,1016.6,16.1,WSW,20.4,38.9,N/A,,Clear,250,2016-01-31 0:51
8:51 PM,3.9,-8.3,41,1015.8,16.1,SW,16.7,29.6,N/A,,Clear,230,2016-01-31 1:51
9:51 PM,3.3,-7.8,45,1015.8,16.1,SW,13,-,N/A,,Clear,230,2016-01-31 2:51
10:51 PM,3.3,-6.7,48,1015.5,16.1,WSW,16.7,40.7,N/A,,Clear,250,2016-01-31 3:51
11:51 PM,2.8,-5.6,54,1015.4,16.1,SW,18.5,31.5,N/A,,Clear,230,2016-01-31 4:51
12:51 AM,2.8,-5,57,1015,16.1,Variable,7.4,-,N/A,,Clear,0,2016-01-31 5:51
1:51 AM,2.8,-5,57,1014.8,16.1,WSW,7.4,-,N/A,,Clear,250,2016-01-31 6:51
2:51 AM,2.8,-4.4,59,1014.5,16.1,Variable,9.3,-,N/A,,Clear,0,2016-01-31 7:51
3:51 AM,2.8,-4.4,59,1013.8,16.1,Variable,9.3,-,N/A,,Clear,0,2016-01-31 8:51
4:51 AM,3.3,-4.4,57,1013.7,16.1,WSW,14.8,-,N/A,,Clear,240,2016-01-31 9:51
5:51 AM,3.3,-4.4,57,1014,16.1,West,11.1,-,N/A,,Clear,260,2016-01-31 10:51
6:51 AM,3.9,-4.4,55,1014.3,16.1,Variable,9.3,25.9,N/A,,Clear,0,2016-01-31 11:51
7:51 AM,3.3,-3.9,60,1014.6,16.1,WSW,13,-,N/A,,Clear,250,2016-01-31 12:51
8:51 AM,4.4,-4.4,53,1014.6,16.1,WSW,13,-,N/A,,Clear,250,2016-01-31 13:51
9:51 AM,5,-3.9,53,1014.8,16.1,Variable,9.3,-,N/A,,Clear,0,2016-01-31 14:51
10:51 AM,7.2,-3.9,46,1013.9,16.1,West,13,-,N/A,,Clear,260,2016-01-31 15:51
11:51 AM,8.9,-3.9,41,1013.3,16.1,Variable,9.3,-,N/A,,Clear,0,2016-01-31 16:51
12:51 PM,11.1,-3.9,35,1012.5,16.1,West,5.6,-,N/A,,Clear,270,2016-01-31 17:51
1:51 PM,11.7,-3.9,34,1011.6,16.1,West,11.1,-,N/A,,Clear,260,2016-01-31 18:51
2:51 PM,12.8,-3.3,33,1011.2,16.1,Calm,Calm,-,N/A,,Clear,0,2016-01-31 19:51
3:51 PM,12.8,-2.8,34,1011,16.1,Calm,Calm,-,N/A,,Clear,0,2016-01-31 20:51
4:51 PM,9.4,-0.6,50,1011.1,16.1,SSE,5.6,-,N/A,,Clear,160,2016-01-31 21:51
5:51 PM,8.3,1.1,61,1010.8,16.1,Variable,7.4,-,N/A,,Clear,0,2016-01-31 22:51
6:51 PM,7.8,2.8,71,1010,16.1,SSE,9.3,-,N/A,,Clear,150,2016-01-31 23:51
7:51 PM,8.9,2.8,66,1010.1,16.1,Calm,Calm,-,N/A,,Clear,0,2016-02-01 0:51
8:51 PM,11.1,1.1,50,1009.8,16.1,WSW,13,-,N/A,,Clear,240,2016-02-01 1:51
9:51 PM,12.2,1.7,49,1009.3,16.1,Calm,Calm,-,N/A,,Clear,0,2016-02-01 2:51
10:51 PM,10.6,1.7,54,1008.6,16.1,Variable,7.4,-,N/A,,Clear,0,2016-02-01 3:51
11:51 PM,10.6,2.2,56,1008.6,16.1,WSW,11.1,-,N/A,,Clear,250,2016-02-01 4:51
